<llsd>
    <map>
    <key>data</key>
        <array>
            <map>
            <key>group_body</key>
                <map>
                <key>2660850678</key>
                    <map>
                    <key>parent</key>
                        <string>2660850679</string>
                    <key>phantom</key>
                        <integer>0</integer>
                    <key>physical</key>
                        <integer>0</integer>
                    <key>position</key>
                        <array>
                            <real>-0.002388634486123919486999512</real>
                            <real>0.008321396075189113616943359</real>
                            <real>-0.611232757568359375</real>
                        </array>
                    <key>rotation</key>
                        <array>
                            <real>0</real>
                            <real>0</real>
                            <real>0</real>
                            <real>1</real>
                        </array>
                    <key>scale</key>
                        <array>
                            <real>2.4254608154296875</real>
                            <real>1.1562042236328125</real>
                            <real>1.1975727081298828125</real>
                        </array>
                    <key>shadows</key>
                        <integer>0</integer>
                    <key>textures</key>
                        <array>
                            <map>
                            <key>bump</key>
                                <integer>0</integer>
                            <key>colors</key>
                                <array>
                                    <real>1</real>
                                    <real>1</real>
                                    <real>1</real>
                                    <real>1</real>
                                </array>
                            <key>fullbright</key>
                                <integer>0</integer>
                            <key>glow</key>
                                <real>0</real>
                            <key>imageid</key>
                                <uuid>01f17350-b30e-4257-adfc-2a40865e7b8d</uuid>
                            <key>imagerot</key>
                                <real>0</real>
                            <key>media_flags</key>
                                <integer>0</integer>
                            <key>offsets</key>
                                <real>0</real>
                            <key>offsett</key>
                                <real>0</real>
                            <key>scales</key>
                                <real>1</real>
                            <key>scalet</key>
                                <real>3</real>
                            </map>
                            <map>
                            <key>bump</key>
                                <integer>0</integer>
                            <key>colors</key>
                                <array>
                                    <real>1</real>
                                    <real>1</real>
                                    <real>1</real>
                                    <real>1</real>
                                </array>
                            <key>fullbright</key>
                                <integer>0</integer>
                            <key>glow</key>
                                <real>0</real>
                            <key>imageid</key>
                                <uuid>01f17350-b30e-4257-adfc-2a40865e7b8d</uuid>
                            <key>imagerot</key>
                                <real>0</real>
                            <key>media_flags</key>
                                <integer>0</integer>
                            <key>offsets</key>
                                <real>0</real>
                            <key>offsett</key>
                                <real>0</real>
                            <key>scales</key>
                                <real>1</real>
                            <key>scalet</key>
                                <real>3</real>
                            </map>
                            <map>
                            <key>bump</key>
                                <integer>0</integer>
                            <key>colors</key>
                                <array>
                                    <real>1</real>
                                    <real>1</real>
                                    <real>1</real>
                                    <real>1</real>
                                </array>
                            <key>fullbright</key>
                                <integer>0</integer>
                            <key>glow</key>
                                <real>0</real>
                            <key>imageid</key>
                                <uuid>01f17350-b30e-4257-adfc-2a40865e7b8d</uuid>
                            <key>imagerot</key>
                                <real>0</real>
                            <key>media_flags</key>
                                <integer>0</integer>
                            <key>offsets</key>
                                <real>0</real>
                            <key>offsett</key>
                                <real>0</real>
                            <key>scales</key>
                                <real>1</real>
                            <key>scalet</key>
                                <real>1</real>
                            </map>
                            <map>
                            <key>bump</key>
                                <integer>0</integer>
                            <key>colors</key>
                                <array>
                                    <real>0.70980393886566162109375</real>
                                    <real>0.3568627536296844482421875</real>
                                    <real>0</real>
                                    <real>1</real>
                                </array>
                            <key>fullbright</key>
                                <integer>0</integer>
                            <key>glow</key>
                                <real>0</real>
                            <key>imageid</key>
                                <uuid>b613491e-eba2-44a1-94e7-33b718b5fed0</uuid>
                            <key>imagerot</key>
                                <real>0</real>
                            <key>media_flags</key>
                                <integer>0</integer>
                            <key>offsets</key>
                                <real>0</real>
                            <key>offsett</key>
                                <real>0</real>
                            <key>scales</key>
                                <real>1</real>
                            <key>scalet</key>
                                <real>1</real>
                            </map>
                            <map>
                            <key>bump</key>
                                <integer>0</integer>
                            <key>colors</key>
                                <array>
                                    <real>1</real>
                                    <real>1</real>
                                    <real>1</real>
                                    <real>1</real>
                                </array>
                            <key>fullbright</key>
                                <integer>0</integer>
                            <key>glow</key>
                                <real>0</real>
                            <key>imageid</key>
                                <uuid>01f17350-b30e-4257-adfc-2a40865e7b8d</uuid>
                            <key>imagerot</key>
                                <real>0</real>
                            <key>media_flags</key>
                                <integer>0</integer>
                            <key>offsets</key>
                                <real>0</real>
                            <key>offsett</key>
                                <real>0</real>
                            <key>scales</key>
                                <real>1</real>
                            <key>scalet</key>
                                <real>1</real>
                            </map>
                            <map>
                            <key>bump</key>
                                <integer>0</integer>
                            <key>colors</key>
                                <array>
                                    <real>1</real>
                                    <real>1</real>
                                    <real>1</real>
                                    <real>1</real>
                                </array>
                            <key>fullbright</key>
                                <integer>0</integer>
                            <key>glow</key>
                                <real>0</real>
                            <key>imageid</key>
                                <uuid>01f17350-b30e-4257-adfc-2a40865e7b8d</uuid>
                            <key>imagerot</key>
                                <real>0</real>
                            <key>media_flags</key>
                                <integer>0</integer>
                            <key>offsets</key>
                                <real>0</real>
                            <key>offsett</key>
                                <real>0</real>
                            <key>scales</key>
                                <real>1</real>
                            <key>scalet</key>
                                <real>3</real>
                            </map>
                        </array>
                    <key>volume</key>
                        <map>
                        <key>path</key>
                            <map>
                            <key>begin</key>
                                <real>0</real>
                            <key>curve</key>
                                <integer>16</integer>
                            <key>end</key>
                                <real>1</real>
                            <key>radius_offset</key>
                                <real>0</real>
                            <key>revolutions</key>
                                <real>1</real>
                            <key>scale_x</key>
                                <real>1</real>
                            <key>scale_y</key>
                                <real>1</real>
                            <key>shear_x</key>
                                <real>0</real>
                            <key>shear_y</key>
                                <real>0</real>
                            <key>skew</key>
                                <real>0</real>
                            <key>taper_x</key>
                                <real>0</real>
                            <key>taper_y</key>
                                <real>0</real>
                            <key>twist</key>
                                <real>0</real>
                            <key>twist_begin</key>
                                <real>0</real>
                            </map>
                        <key>profile</key>
                            <map>
                            <key>begin</key>
                                <real>0</real>
                            <key>curve</key>
                                <integer>1</integer>
                            <key>end</key>
                                <real>1</real>
                            <key>hollow</key>
                                <real>0</real>
                            </map>
                        </map>
                    </map>
                <key>2660850679</key>
                    <map>
                    <key>phantom</key>
                        <integer>0</integer>
                    <key>physical</key>
                        <integer>0</integer>
                    <key>position</key>
                        <array>
                            <real>104.28827667236328125</real>
                            <real>146.3510894775390625</real>
                            <real>21.3516941070556640625</real>
                        </array>
                    <key>rotation</key>
                        <array>
                            <real>0</real>
                            <real>0</real>
                            <real>-0.713250458240509033203125</real>
                            <real>0.70090925693511962890625</real>
                        </array>
                    <key>scale</key>
                        <array>
                            <real>2.59185791015625</real>
                            <real>1.1963348388671875</real>
                            <real>0.057514190673828125</real>
                        </array>
                    <key>shadows</key>
                        <integer>0</integer>
                    <key>textures</key>
                        <array>
                            <map>
                            <key>bump</key>
                                <integer>0</integer>
                            <key>colors</key>
                                <array>
                                    <real>1</real>
                                    <real>1</real>
                                    <real>1</real>
                                    <real>1</real>
                                </array>
                            <key>fullbright</key>
                                <integer>0</integer>
                            <key>glow</key>
                                <real>0</real>
                            <key>imageid</key>
                                <uuid>01f17350-b30e-4257-adfc-2a40865e7b8d</uuid>
                            <key>imagerot</key>
                                <real>0</real>
                            <key>media_flags</key>
                                <integer>0</integer>
                            <key>offsets</key>
                                <real>0</real>
                            <key>offsett</key>
                                <real>0</real>
                            <key>scales</key>
                                <real>1</real>
                            <key>scalet</key>
                                <real>1</real>
                            </map>
                            <map>
                            <key>bump</key>
                                <integer>0</integer>
                            <key>colors</key>
                                <array>
                                    <real>1</real>
                                    <real>1</real>
                                    <real>1</real>
                                    <real>1</real>
                                </array>
                            <key>fullbright</key>
                                <integer>0</integer>
                            <key>glow</key>
                                <real>0</real>
                            <key>imageid</key>
                                <uuid>01f17350-b30e-4257-adfc-2a40865e7b8d</uuid>
                            <key>imagerot</key>
                                <real>0</real>
                            <key>media_flags</key>
                                <integer>0</integer>
                            <key>offsets</key>
                                <real>0</real>
                            <key>offsett</key>
                                <real>0</real>
                            <key>scales</key>
                                <real>1</real>
                            <key>scalet</key>
                                <real>1</real>
                            </map>
                            <map>
                            <key>bump</key>
                                <integer>0</integer>
                            <key>colors</key>
                                <array>
                                    <real>1</real>
                                    <real>1</real>
                                    <real>1</real>
                                    <real>1</real>
                                </array>
                            <key>fullbright</key>
                                <integer>0</integer>
                            <key>glow</key>
                                <real>0</real>
                            <key>imageid</key>
                                <uuid>01f17350-b30e-4257-adfc-2a40865e7b8d</uuid>
                            <key>imagerot</key>
                                <real>0</real>
                            <key>media_flags</key>
                                <integer>0</integer>
                            <key>offsets</key>
                                <real>0</real>
                            <key>offsett</key>
                                <real>0</real>
                            <key>scales</key>
                                <real>1</real>
                            <key>scalet</key>
                                <real>1</real>
                            </map>
                            <map>
                            <key>bump</key>
                                <integer>0</integer>
                            <key>colors</key>
                                <array>
                                    <real>1</real>
                                    <real>1</real>
                                    <real>1</real>
                                    <real>1</real>
                                </array>
                            <key>fullbright</key>
                                <integer>0</integer>
                            <key>glow</key>
                                <real>0</real>
                            <key>imageid</key>
                                <uuid>01f17350-b30e-4257-adfc-2a40865e7b8d</uuid>
                            <key>imagerot</key>
                                <real>0</real>
                            <key>media_flags</key>
                                <integer>0</integer>
                            <key>offsets</key>
                                <real>0</real>
                            <key>offsett</key>
                                <real>0</real>
                            <key>scales</key>
                                <real>1</real>
                            <key>scalet</key>
                                <real>1</real>
                            </map>
                            <map>
                            <key>bump</key>
                                <integer>0</integer>
                            <key>colors</key>
                                <array>
                                    <real>1</real>
                                    <real>1</real>
                                    <real>1</real>
                                    <real>1</real>
                                </array>
                            <key>fullbright</key>
                                <integer>0</integer>
                            <key>glow</key>
                                <real>0</real>
                            <key>imageid</key>
                                <uuid>01f17350-b30e-4257-adfc-2a40865e7b8d</uuid>
                            <key>imagerot</key>
                                <real>0</real>
                            <key>media_flags</key>
                                <integer>0</integer>
                            <key>offsets</key>
                                <real>0</real>
                            <key>offsett</key>
                                <real>0</real>
                            <key>scales</key>
                                <real>1</real>
                            <key>scalet</key>
                                <real>1</real>
                            </map>
                            <map>
                            <key>bump</key>
                                <integer>0</integer>
                            <key>colors</key>
                                <array>
                                    <real>1</real>
                                    <real>1</real>
                                    <real>1</real>
                                    <real>1</real>
                                </array>
                            <key>fullbright</key>
                                <integer>0</integer>
                            <key>glow</key>
                                <real>0</real>
                            <key>imageid</key>
                                <uuid>01f17350-b30e-4257-adfc-2a40865e7b8d</uuid>
                            <key>imagerot</key>
                                <real>0</real>
                            <key>media_flags</key>
                                <integer>0</integer>
                            <key>offsets</key>
                                <real>0</real>
                            <key>offsett</key>
                                <real>0</real>
                            <key>scales</key>
                                <real>1</real>
                            <key>scalet</key>
                                <real>1</real>
                            </map>
                        </array>
                    <key>volume</key>
                        <map>
                        <key>path</key>
                            <map>
                            <key>begin</key>
                                <real>0</real>
                            <key>curve</key>
                                <integer>16</integer>
                            <key>end</key>
                                <real>1</real>
                            <key>radius_offset</key>
                                <real>0</real>
                            <key>revolutions</key>
                                <real>1</real>
                            <key>scale_x</key>
                                <real>1</real>
                            <key>scale_y</key>
                                <real>1</real>
                            <key>shear_x</key>
                                <real>0</real>
                            <key>shear_y</key>
                                <real>0</real>
                            <key>skew</key>
                                <real>0</real>
                            <key>taper_x</key>
                                <real>0</real>
                            <key>taper_y</key>
                                <real>0</real>
                            <key>twist</key>
                                <real>0</real>
                            <key>twist_begin</key>
                                <real>0</real>
                            </map>
                        <key>profile</key>
                            <map>
                            <key>begin</key>
                                <real>0</real>
                            <key>curve</key>
                                <integer>1</integer>
                            <key>end</key>
                                <real>1</real>
                            <key>hollow</key>
                                <real>0</real>
                            </map>
                        </map>
                    </map>
                <key>2660850680</key>
                    <map>
                    <key>parent</key>
                        <string>2660850679</string>
                    <key>phantom</key>
                        <integer>0</integer>
                    <key>physical</key>
                        <integer>0</integer>
                    <key>position</key>
                        <array>
                            <real>-0.000149444123962894082069397</real>
                            <real>0.0155560970306396484375</real>
                            <real>-1.212734222412109375</real>
                        </array>
                    <key>rotation</key>
                        <array>
                            <real>0</real>
                            <real>0</real>
                            <real>0</real>
                            <real>1</real>
                        </array>
                    <key>scale</key>
                        <array>
                            <real>2.59185791015625</real>
                            <real>1.2276458740234375</real>
                            <real>0.057514190673828125</real>
                        </array>
                    <key>shadows</key>
                        <integer>0</integer>
                    <key>textures</key>
                        <array>
                            <map>
                            <key>bump</key>
                                <integer>0</integer>
                            <key>colors</key>
                                <array>
                                    <real>1</real>
                                    <real>1</real>
                                    <real>1</real>
                                    <real>1</real>
                                </array>
                            <key>fullbright</key>
                                <integer>0</integer>
                            <key>glow</key>
                                <real>0</real>
                            <key>imageid</key>
                                <uuid>01f17350-b30e-4257-adfc-2a40865e7b8d</uuid>
                            <key>imagerot</key>
                                <real>0</real>
                            <key>media_flags</key>
                                <integer>0</integer>
                            <key>offsets</key>
                                <real>0</real>
                            <key>offsett</key>
                                <real>0</real>
                            <key>scales</key>
                                <real>1</real>
                            <key>scalet</key>
                                <real>1</real>
                            </map>
                            <map>
                            <key>bump</key>
                                <integer>0</integer>
                            <key>colors</key>
                                <array>
                                    <real>1</real>
                                    <real>1</real>
                                    <real>1</real>
                                    <real>1</real>
                                </array>
                            <key>fullbright</key>
                                <integer>0</integer>
                            <key>glow</key>
                                <real>0</real>
                            <key>imageid</key>
                                <uuid>01f17350-b30e-4257-adfc-2a40865e7b8d</uuid>
                            <key>imagerot</key>
                                <real>0</real>
                            <key>media_flags</key>
                                <integer>0</integer>
                            <key>offsets</key>
                                <real>0</real>
                            <key>offsett</key>
                                <real>0</real>
                            <key>scales</key>
                                <real>1</real>
                            <key>scalet</key>
                                <real>1</real>
                            </map>
                            <map>
                            <key>bump</key>
                                <integer>0</integer>
                            <key>colors</key>
                                <array>
                                    <real>1</real>
                                    <real>1</real>
                                    <real>1</real>
                                    <real>1</real>
                                </array>
                            <key>fullbright</key>
                                <integer>0</integer>
                            <key>glow</key>
                                <real>0</real>
                            <key>imageid</key>
                                <uuid>01f17350-b30e-4257-adfc-2a40865e7b8d</uuid>
                            <key>imagerot</key>
                                <real>0</real>
                            <key>media_flags</key>
                                <integer>0</integer>
                            <key>offsets</key>
                                <real>0</real>
                            <key>offsett</key>
                                <real>0</real>
                            <key>scales</key>
                                <real>1</real>
                            <key>scalet</key>
                                <real>1</real>
                            </map>
                            <map>
                            <key>bump</key>
                                <integer>0</integer>
                            <key>colors</key>
                                <array>
                                    <real>1</real>
                                    <real>1</real>
                                    <real>1</real>
                                    <real>1</real>
                                </array>
                            <key>fullbright</key>
                                <integer>0</integer>
                            <key>glow</key>
                                <real>0</real>
                            <key>imageid</key>
                                <uuid>01f17350-b30e-4257-adfc-2a40865e7b8d</uuid>
                            <key>imagerot</key>
                                <real>0</real>
                            <key>media_flags</key>
                                <integer>0</integer>
                            <key>offsets</key>
                                <real>0</real>
                            <key>offsett</key>
                                <real>0</real>
                            <key>scales</key>
                                <real>1</real>
                            <key>scalet</key>
                                <real>1</real>
                            </map>
                            <map>
                            <key>bump</key>
                                <integer>0</integer>
                            <key>colors</key>
                                <array>
                                    <real>1</real>
                                    <real>1</real>
                                    <real>1</real>
                                    <real>1</real>
                                </array>
                            <key>fullbright</key>
                                <integer>0</integer>
                            <key>glow</key>
                                <real>0</real>
                            <key>imageid</key>
                                <uuid>01f17350-b30e-4257-adfc-2a40865e7b8d</uuid>
                            <key>imagerot</key>
                                <real>0</real>
                            <key>media_flags</key>
                                <integer>0</integer>
                            <key>offsets</key>
                                <real>0</real>
                            <key>offsett</key>
                                <real>0</real>
                            <key>scales</key>
                                <real>1</real>
                            <key>scalet</key>
                                <real>1</real>
                            </map>
                            <map>
                            <key>bump</key>
                                <integer>0</integer>
                            <key>colors</key>
                                <array>
                                    <real>1</real>
                                    <real>1</real>
                                    <real>1</real>
                                    <real>1</real>
                                </array>
                            <key>fullbright</key>
                                <integer>0</integer>
                            <key>glow</key>
                                <real>0</real>
                            <key>imageid</key>
                                <uuid>01f17350-b30e-4257-adfc-2a40865e7b8d</uuid>
                            <key>imagerot</key>
                                <real>0</real>
                            <key>media_flags</key>
                                <integer>0</integer>
                            <key>offsets</key>
                                <real>0</real>
                            <key>offsett</key>
                                <real>0</real>
                            <key>scales</key>
                                <real>1</real>
                            <key>scalet</key>
                                <real>1</real>
                            </map>
                        </array>
                    <key>volume</key>
                        <map>
                        <key>path</key>
                            <map>
                            <key>begin</key>
                                <real>0</real>
                            <key>curve</key>
                                <integer>16</integer>
                            <key>end</key>
                                <real>1</real>
                            <key>radius_offset</key>
                                <real>0</real>
                            <key>revolutions</key>
                                <real>1</real>
                            <key>scale_x</key>
                                <real>1</real>
                            <key>scale_y</key>
                                <real>1</real>
                            <key>shear_x</key>
                                <real>0</real>
                            <key>shear_y</key>
                                <real>0</real>
                            <key>skew</key>
                                <real>0</real>
                            <key>taper_x</key>
                                <real>0</real>
                            <key>taper_y</key>
                                <real>0</real>
                            <key>twist</key>
                                <real>0</real>
                            <key>twist_begin</key>
                                <real>0</real>
                            </map>
                        <key>profile</key>
                            <map>
                            <key>begin</key>
                                <real>0</real>
                            <key>curve</key>
                                <integer>1</integer>
                            <key>end</key>
                                <real>1</real>
                            <key>hollow</key>
                                <real>0</real>
                            </map>
                        </map>
                    </map>
                </map>
            <key>root_position</key>
                <array>
                    <real>104.28827667236328125</real>
                    <real>146.3510894775390625</real>
                    <real>21.3516941070556640625</real>
                </array>
            <key>root_rotation</key>
                <array>
                    <real>0</real>
                    <real>0</real>
                    <real>-0.713250458240509033203125</real>
                    <real>0.70090925693511962890625</real>
                </array>
            </map>
        </array>
    </map>
</llsd>
