<llsd>
    <map>
    <key>data</key>
        <array>
            <map>
            <key>group_body</key>
                <map>
                <key>1871934460</key>
                    <map>
                    <key>description</key>
                        <string />
                    <key>name</key>
                        <string>Flying carpet (wear and fly)</string>
                    <key>phantom</key>
                        <integer>1</integer>
                    <key>physical</key>
                        <integer>0</integer>
                    <key>position</key>
                        <array>
                            <real>65.526481628417969</real>
                            <real>175.28482055664062</real>
                            <real>21.657093048095703</real>
                        </array>
                    <key>rotation</key>
                        <array>
                            <real>0.1395999938249588</real>
                            <real>0.25585991144180298</real>
                            <real>-0.0091781178489327431</real>
                            <real>0.95653712749481201</real>
                        </array>
                    <key>scale</key>
                        <array>
                            <real>3.1559009552001953</real>
                            <real>2.4012370109558105</real>
                            <real>0.34635439515113831</real>
                        </array>
                    <key>sculpt</key>
                        <map>
                        <key>texture</key>
                            <uuid>60dc34ce-0bf2-4e0f-a3ab-f70310bc2e5d</uuid>
                        <key>type</key>
                            <integer>67</integer>
                        </map>
                    <key>shadows</key>
                        <integer>0</integer>
                    <key>textures</key>
                        <array>
                            <map>
                            <key>bump</key>
                                <integer>0</integer>
                            <key>colors</key>
                                <array>
                                    <real>0.74901962280273438</real>
                                    <real>0.74901962280273438</real>
                                    <real>0.74901962280273438</real>
                                    <real>1</real>
                                </array>
                            <key>fullbright</key>
                                <integer>0</integer>
                            <key>glow</key>
                                <real>0</real>
                            <key>imageid</key>
                                <uuid>44400e93-c995-4263-ac33-70f7040100d1</uuid>
                            <key>imagerot</key>
                                <real>0</real>
                            <key>media_flags</key>
                                <integer>0</integer>
                            <key>offsets</key>
                                <real>0</real>
                            <key>offsett</key>
                                <real>0</real>
                            <key>scales</key>
                                <real>1</real>
                            <key>scalet</key>
                                <real>1</real>
                            </map>
                        </array>
                    <key>volume</key>
                        <map>
                        <key>path</key>
                            <map>
                            <key>begin</key>
                                <real>0</real>
                            <key>curve</key>
                                <integer>32</integer>
                            <key>end</key>
                                <real>1</real>
                            <key>radius_offset</key>
                                <real>0</real>
                            <key>revolutions</key>
                                <real>1</real>
                            <key>scale_x</key>
                                <real>1</real>
                            <key>scale_y</key>
                                <real>0.5</real>
                            <key>shear_x</key>
                                <real>0</real>
                            <key>shear_y</key>
                                <real>0</real>
                            <key>skew</key>
                                <real>0</real>
                            <key>taper_x</key>
                                <real>0</real>
                            <key>taper_y</key>
                                <real>0</real>
                            <key>twist</key>
                                <real>0</real>
                            <key>twist_begin</key>
                                <real>0</real>
                            </map>
                        <key>profile</key>
                            <map>
                            <key>begin</key>
                                <real>0</real>
                            <key>curve</key>
                                <integer>0</integer>
                            <key>end</key>
                                <real>1</real>
                            <key>hollow</key>
                                <real>0</real>
                            </map>
                        </map>
                    </map>
                <key>1871934461</key>
                    <map>
                    <key>description</key>
                        <string />
                    <key>name</key>
                        <string>Primitive</string>
                    <key>parent</key>
                        <string>1871934460</string>
                    <key>phantom</key>
                        <integer>1</integer>
                    <key>physical</key>
                        <integer>0</integer>
                    <key>position</key>
                        <array>
                            <real>5.8969451544044205e-010</real>
                            <real>3.1508200493135519e-009</real>
                            <real>0.019786849617958069</real>
                        </array>
                    <key>rotation</key>
                        <array>
                            <real>3.3372068976788519e-015</real>
                            <real>1.2560729925381641e-015</real>
                            <real>-7.1054269340845282e-015</real>
                            <real>1</real>
                        </array>
                    <key>scale</key>
                        <array>
                            <real>3.1559009552001953</real>
                            <real>2.4012370109558105</real>
                            <real>0.34635439515113831</real>
                        </array>
                    <key>sculpt</key>
                        <map>
                        <key>texture</key>
                            <uuid>60dc34ce-0bf2-4e0f-a3ab-f70310bc2e5d</uuid>
                        <key>type</key>
                            <integer>3</integer>
                        </map>
                    <key>shadows</key>
                        <integer>0</integer>
                    <key>textures</key>
                        <array>
                            <map>
                            <key>bump</key>
                                <integer>0</integer>
                            <key>colors</key>
                                <array>
                                    <real>0.74901962280273438</real>
                                    <real>0.74901962280273438</real>
                                    <real>0.74901962280273438</real>
                                    <real>1</real>
                                </array>
                            <key>fullbright</key>
                                <integer>0</integer>
                            <key>glow</key>
                                <real>0</real>
                            <key>imageid</key>
                                <uuid>44400e93-c995-4263-ac33-70f7040100d1</uuid>
                            <key>imagerot</key>
                                <real>0</real>
                            <key>media_flags</key>
                                <integer>0</integer>
                            <key>offsets</key>
                                <real>0</real>
                            <key>offsett</key>
                                <real>0</real>
                            <key>scales</key>
                                <real>1</real>
                            <key>scalet</key>
                                <real>1</real>
                            </map>
                        </array>
                    <key>volume</key>
                        <map>
                        <key>path</key>
                            <map>
                            <key>begin</key>
                                <real>0</real>
                            <key>curve</key>
                                <integer>32</integer>
                            <key>end</key>
                                <real>1</real>
                            <key>radius_offset</key>
                                <real>0</real>
                            <key>revolutions</key>
                                <real>1</real>
                            <key>scale_x</key>
                                <real>1</real>
                            <key>scale_y</key>
                                <real>0.5</real>
                            <key>shear_x</key>
                                <real>0</real>
                            <key>shear_y</key>
                                <real>0</real>
                            <key>skew</key>
                                <real>0</real>
                            <key>taper_x</key>
                                <real>0</real>
                            <key>taper_y</key>
                                <real>0</real>
                            <key>twist</key>
                                <real>0</real>
                            <key>twist_begin</key>
                                <real>0</real>
                            </map>
                        <key>profile</key>
                            <map>
                            <key>begin</key>
                                <real>0</real>
                            <key>curve</key>
                                <integer>0</integer>
                            <key>end</key>
                                <real>1</real>
                            <key>hollow</key>
                                <real>0</real>
                            </map>
                        </map>
                    </map>
                </map>
            <key>root_position</key>
                <array>
                    <real>65.526481628417969</real>
                    <real>175.28482055664062</real>
                    <real>21.657093048095703</real>
                </array>
            <key>root_rotation</key>
                <array>
                    <real>0.1395999938249588</real>
                    <real>0.25585991144180298</real>
                    <real>-0.0091781178489327431</real>
                    <real>0.95653712749481201</real>
                </array>
            </map>
        </array>
    </map>
</llsd>
