<llsd>
    <map>
    <key>data</key>
        <array>
            <map>
            <key>group_body</key>
                <map>
                <key>2506967035</key>
                    <map>
                    <key>phantom</key>
                        <integer>0</integer>
                    <key>physical</key>
                        <integer>0</integer>
                    <key>position</key>
                        <array>
                            <real>127.68479156494140625</real>
                            <real>123.12703704833984375</real>
                            <real>24.994384765625</real>
                        </array>
                    <key>rotation</key>
                        <array>
                            <real>0</real>
                            <real>-0.7071068286895751953125</real>
                            <real>0</real>
                            <real>0.70710670948028564453125</real>
                        </array>
                    <key>scale</key>
                        <array>
                            <real>0.08241522312164306640625</real>
                            <real>0.766121923923492431640625</real>
                            <real>0.766121923923492431640625</real>
                        </array>
                    <key>shadows</key>
                        <integer>0</integer>
                    <key>textures</key>
                        <array>
                            <map>
                            <key>bump</key>
                                <integer>0</integer>
                            <key>colors</key>
                                <array>
                                    <real>0.501960813999176025390625</real>
                                    <real>0.501960813999176025390625</real>
                                    <real>0.501960813999176025390625</real>
                                    <real>1</real>
                                </array>
                            <key>fullbright</key>
                                <integer>0</integer>
                            <key>glow</key>
                                <real>0</real>
                            <key>imageid</key>
                                <uuid>ef569313-245a-4dda-917f-a08d663a9c36</uuid>
                            <key>imagerot</key>
                                <real>0</real>
                            <key>media_flags</key>
                                <integer>0</integer>
                            <key>offsets</key>
                                <real>0</real>
                            <key>offsett</key>
                                <real>0</real>
                            <key>scales</key>
                                <real>0.08241522312164306640625</real>
                            <key>scalet</key>
                                <real>0.76612186431884765625</real>
                            </map>
                            <map>
                            <key>bump</key>
                                <integer>0</integer>
                            <key>colors</key>
                                <array>
                                    <real>0.501960813999176025390625</real>
                                    <real>0.501960813999176025390625</real>
                                    <real>0.501960813999176025390625</real>
                                    <real>1</real>
                                </array>
                            <key>fullbright</key>
                                <integer>0</integer>
                            <key>glow</key>
                                <real>0</real>
                            <key>imageid</key>
                                <uuid>ef569313-245a-4dda-917f-a08d663a9c36</uuid>
                            <key>imagerot</key>
                                <real>0</real>
                            <key>media_flags</key>
                                <integer>0</integer>
                            <key>offsets</key>
                                <real>0</real>
                            <key>offsett</key>
                                <real>0</real>
                            <key>scales</key>
                                <real>0.08241522312164306640625</real>
                            <key>scalet</key>
                                <real>0.76612186431884765625</real>
                            </map>
                            <map>
                            <key>bump</key>
                                <integer>0</integer>
                            <key>colors</key>
                                <array>
                                    <real>0.501960813999176025390625</real>
                                    <real>0.501960813999176025390625</real>
                                    <real>0.501960813999176025390625</real>
                                    <real>1</real>
                                </array>
                            <key>fullbright</key>
                                <integer>0</integer>
                            <key>glow</key>
                                <real>0</real>
                            <key>imageid</key>
                                <uuid>5b157fcc-7651-45f9-9647-0331f39a698d</uuid>
                            <key>imagerot</key>
                                <real>0</real>
                            <key>media_flags</key>
                                <integer>0</integer>
                            <key>offsets</key>
                                <real>0</real>
                            <key>offsett</key>
                                <real>0</real>
                            <key>scales</key>
                                <real>0.76612186431884765625</real>
                            <key>scalet</key>
                                <real>0.76612186431884765625</real>
                            </map>
                            <map>
                            <key>bump</key>
                                <integer>0</integer>
                            <key>colors</key>
                                <array>
                                    <real>0.501960813999176025390625</real>
                                    <real>0.501960813999176025390625</real>
                                    <real>0.501960813999176025390625</real>
                                    <real>1</real>
                                </array>
                            <key>fullbright</key>
                                <integer>0</integer>
                            <key>glow</key>
                                <real>0</real>
                            <key>imageid</key>
                                <uuid>5b157fcc-7651-45f9-9647-0331f39a698d</uuid>
                            <key>imagerot</key>
                                <real>0</real>
                            <key>media_flags</key>
                                <integer>0</integer>
                            <key>offsets</key>
                                <real>0</real>
                            <key>offsett</key>
                                <real>0</real>
                            <key>scales</key>
                                <real>0.08241522312164306640625</real>
                            <key>scalet</key>
                                <real>0.76612186431884765625</real>
                            </map>
                        </array>
                    <key>volume</key>
                        <map>
                        <key>path</key>
                            <map>
                            <key>begin</key>
                                <real>0</real>
                            <key>curve</key>
                                <integer>32</integer>
                            <key>end</key>
                                <real>1</real>
                            <key>radius_offset</key>
                                <real>0</real>
                            <key>revolutions</key>
                                <real>1</real>
                            <key>scale_x</key>
                                <real>1</real>
                            <key>scale_y</key>
                                <real>0.2999999821186065673828125</real>
                            <key>shear_x</key>
                                <real>0</real>
                            <key>shear_y</key>
                                <real>0</real>
                            <key>skew</key>
                                <real>0</real>
                            <key>taper_x</key>
                                <real>0</real>
                            <key>taper_y</key>
                                <real>0</real>
                            <key>twist</key>
                                <real>0</real>
                            <key>twist_begin</key>
                                <real>0</real>
                            </map>
                        <key>profile</key>
                            <map>
                            <key>begin</key>
                                <real>0.049989998340606689453125</real>
                            <key>curve</key>
                                <integer>0</integer>
                            <key>end</key>
                                <real>0.375</real>
                            <key>hollow</key>
                                <real>0.89999997615814208984375</real>
                            </map>
                        </map>
                    </map>
                <key>2506967036</key>
                    <map>
                    <key>parent</key>
                        <string>2506967035</string>
                    <key>phantom</key>
                        <integer>0</integer>
                    <key>physical</key>
                        <integer>0</integer>
                    <key>position</key>
                        <array>
                            <real>0.5237467288970947265625</real>
                            <real>0.36045849323272705078125</real>
                            <real>0.008605959825217723846435547</real>
                        </array>
                    <key>rotation</key>
                        <array>
                            <real>-0.595699310302734375</real>
                            <real>0.803207576274871826171875</real>
                            <real>0</real>
                            <real>0</real>
                        </array>
                    <key>scale</key>
                        <array>
                            <real>0.02808609977364540100097656</real>
                            <real>0.2249978929758071899414062</real>
                            <real>0.2249978929758071899414062</real>
                        </array>
                    <key>shadows</key>
                        <integer>0</integer>
                    <key>textures</key>
                        <array>
                            <map>
                            <key>bump</key>
                                <integer>0</integer>
                            <key>colors</key>
                                <array>
                                    <real>0.501960813999176025390625</real>
                                    <real>0.501960813999176025390625</real>
                                    <real>0.501960813999176025390625</real>
                                    <real>1</real>
                                </array>
                            <key>fullbright</key>
                                <integer>0</integer>
                            <key>glow</key>
                                <real>0</real>
                            <key>imageid</key>
                                <uuid>ef569313-245a-4dda-917f-a08d663a9c36</uuid>
                            <key>imagerot</key>
                                <real>0</real>
                            <key>media_flags</key>
                                <integer>0</integer>
                            <key>offsets</key>
                                <real>0</real>
                            <key>offsett</key>
                                <real>0</real>
                            <key>scales</key>
                                <real>0.02808610349893569946289062</real>
                            <key>scalet</key>
                                <real>0.224997937679290771484375</real>
                            </map>
                        </array>
                    <key>volume</key>
                        <map>
                        <key>path</key>
                            <map>
                            <key>begin</key>
                                <real>0</real>
                            <key>curve</key>
                                <integer>32</integer>
                            <key>end</key>
                                <real>1</real>
                            <key>radius_offset</key>
                                <real>0</real>
                            <key>revolutions</key>
                                <real>1</real>
                            <key>scale_x</key>
                                <real>1</real>
                            <key>scale_y</key>
                                <real>0.0999999940395355224609375</real>
                            <key>shear_x</key>
                                <real>0</real>
                            <key>shear_y</key>
                                <real>0</real>
                            <key>skew</key>
                                <real>0</real>
                            <key>taper_x</key>
                                <real>0</real>
                            <key>taper_y</key>
                                <real>0</real>
                            <key>twist</key>
                                <real>0</real>
                            <key>twist_begin</key>
                                <real>0</real>
                            </map>
                        <key>profile</key>
                            <map>
                            <key>begin</key>
                                <real>0</real>
                            <key>curve</key>
                                <integer>0</integer>
                            <key>end</key>
                                <real>1</real>
                            <key>hollow</key>
                                <real>0</real>
                            </map>
                        </map>
                    </map>
                <key>2506967037</key>
                    <map>
                    <key>parent</key>
                        <string>2506967035</string>
                    <key>phantom</key>
                        <integer>0</integer>
                    <key>physical</key>
                        <integer>0</integer>
                    <key>position</key>
                        <array>
                            <real>0.5237467288970947265625</real>
                            <real>-0.360473811626434326171875</real>
                            <real>0.008605959825217723846435547</real>
                        </array>
                    <key>rotation</key>
                        <array>
                            <real>0</real>
                            <real>2.107342922386123973410577e-08</real>
                            <real>0.80319201946258544921875</real>
                            <real>0.595720231533050537109375</real>
                        </array>
                    <key>scale</key>
                        <array>
                            <real>0.02808609977364540100097656</real>
                            <real>0.2249978929758071899414062</real>
                            <real>0.2249978929758071899414062</real>
                        </array>
                    <key>shadows</key>
                        <integer>0</integer>
                    <key>textures</key>
                        <array>
                            <map>
                            <key>bump</key>
                                <integer>0</integer>
                            <key>colors</key>
                                <array>
                                    <real>0.501960813999176025390625</real>
                                    <real>0.501960813999176025390625</real>
                                    <real>0.501960813999176025390625</real>
                                    <real>1</real>
                                </array>
                            <key>fullbright</key>
                                <integer>0</integer>
                            <key>glow</key>
                                <real>0</real>
                            <key>imageid</key>
                                <uuid>ef569313-245a-4dda-917f-a08d663a9c36</uuid>
                            <key>imagerot</key>
                                <real>0</real>
                            <key>media_flags</key>
                                <integer>0</integer>
                            <key>offsets</key>
                                <real>0</real>
                            <key>offsett</key>
                                <real>0</real>
                            <key>scales</key>
                                <real>0.02808610349893569946289062</real>
                            <key>scalet</key>
                                <real>0.224997937679290771484375</real>
                            </map>
                        </array>
                    <key>volume</key>
                        <map>
                        <key>path</key>
                            <map>
                            <key>begin</key>
                                <real>0</real>
                            <key>curve</key>
                                <integer>32</integer>
                            <key>end</key>
                                <real>1</real>
                            <key>radius_offset</key>
                                <real>0</real>
                            <key>revolutions</key>
                                <real>1</real>
                            <key>scale_x</key>
                                <real>1</real>
                            <key>scale_y</key>
                                <real>0.0999999940395355224609375</real>
                            <key>shear_x</key>
                                <real>0</real>
                            <key>shear_y</key>
                                <real>0</real>
                            <key>skew</key>
                                <real>0</real>
                            <key>taper_x</key>
                                <real>0</real>
                            <key>taper_y</key>
                                <real>0</real>
                            <key>twist</key>
                                <real>0</real>
                            <key>twist_begin</key>
                                <real>0</real>
                            </map>
                        <key>profile</key>
                            <map>
                            <key>begin</key>
                                <real>0</real>
                            <key>curve</key>
                                <integer>0</integer>
                            <key>end</key>
                                <real>1</real>
                            <key>hollow</key>
                                <real>0</real>
                            </map>
                        </map>
                    </map>
                <key>2506967038</key>
                    <map>
                    <key>parent</key>
                        <string>2506967035</string>
                    <key>phantom</key>
                        <integer>0</integer>
                    <key>physical</key>
                        <integer>0</integer>
                    <key>position</key>
                        <array>
                            <real>0.628097712993621826171875</real>
                            <real>0.30429089069366455078125</real>
                            <real>0.008605959825217723846435547</real>
                        </array>
                    <key>rotation</key>
                        <array>
                            <real>-0.4999999701976776123046875</real>
                            <real>0.500000059604644775390625</real>
                            <real>0.500000059604644775390625</real>
                            <real>0.499999940395355224609375</real>
                        </array>
                    <key>scale</key>
                        <array>
                            <real>0.03750744089484214782714844</real>
                            <real>0.137895405292510986328125</real>
                            <real>0.137895405292510986328125</real>
                        </array>
                    <key>shadows</key>
                        <integer>0</integer>
                    <key>textures</key>
                        <array>
                            <map>
                            <key>bump</key>
                                <integer>0</integer>
                            <key>colors</key>
                                <array>
                                    <real>0.501960813999176025390625</real>
                                    <real>0.501960813999176025390625</real>
                                    <real>0.501960813999176025390625</real>
                                    <real>1</real>
                                </array>
                            <key>fullbright</key>
                                <integer>0</integer>
                            <key>glow</key>
                                <real>0</real>
                            <key>imageid</key>
                                <uuid>ef569313-245a-4dda-917f-a08d663a9c36</uuid>
                            <key>imagerot</key>
                                <real>0</real>
                            <key>media_flags</key>
                                <integer>0</integer>
                            <key>offsets</key>
                                <real>0</real>
                            <key>offsett</key>
                                <real>0</real>
                            <key>scales</key>
                                <real>0.03750743716955184936523438</real>
                            <key>scalet</key>
                                <real>0.1378954499959945678710938</real>
                            </map>
                        </array>
                    <key>volume</key>
                        <map>
                        <key>path</key>
                            <map>
                            <key>begin</key>
                                <real>0</real>
                            <key>curve</key>
                                <integer>32</integer>
                            <key>end</key>
                                <real>1</real>
                            <key>radius_offset</key>
                                <real>0</real>
                            <key>revolutions</key>
                                <real>1</real>
                            <key>scale_x</key>
                                <real>1</real>
                            <key>scale_y</key>
                                <real>0.199999988079071044921875</real>
                            <key>shear_x</key>
                                <real>0</real>
                            <key>shear_y</key>
                                <real>0</real>
                            <key>skew</key>
                                <real>0</real>
                            <key>taper_x</key>
                                <real>0</real>
                            <key>taper_y</key>
                                <real>0</real>
                            <key>twist</key>
                                <real>0</real>
                            <key>twist_begin</key>
                                <real>0</real>
                            </map>
                        <key>profile</key>
                            <map>
                            <key>begin</key>
                                <real>0</real>
                            <key>curve</key>
                                <integer>0</integer>
                            <key>end</key>
                                <real>1</real>
                            <key>hollow</key>
                                <real>0</real>
                            </map>
                        </map>
                    </map>
                <key>2506967039</key>
                    <map>
                    <key>parent</key>
                        <string>2506967035</string>
                    <key>phantom</key>
                        <integer>0</integer>
                    <key>physical</key>
                        <integer>0</integer>
                    <key>position</key>
                        <array>
                            <real>0.364002287387847900390625</real>
                            <real>3.051758903893642127513885e-05</real>
                            <real>1.525879088148940354585648e-05</real>
                        </array>
                    <key>rotation</key>
                        <array>
                            <real>0</real>
                            <real>1</real>
                            <real>0</real>
                            <real>0</real>
                        </array>
                    <key>scale</key>
                        <array>
                            <real>0.77361857891082763671875</real>
                            <real>0.77361857891082763671875</real>
                            <real>0.77361857891082763671875</real>
                        </array>
                    <key>shadows</key>
                        <integer>0</integer>
                    <key>textures</key>
                        <array>
                            <map>
                            <key>bump</key>
                                <integer>0</integer>
                            <key>colors</key>
                                <array>
                                    <real>0.501960813999176025390625</real>
                                    <real>0.501960813999176025390625</real>
                                    <real>0.501960813999176025390625</real>
                                    <real>1</real>
                                </array>
                            <key>fullbright</key>
                                <integer>0</integer>
                            <key>glow</key>
                                <real>0</real>
                            <key>imageid</key>
                                <uuid>ef569313-245a-4dda-917f-a08d663a9c36</uuid>
                            <key>imagerot</key>
                                <real>1.57079637050628662109375</real>
                            <key>media_flags</key>
                                <integer>0</integer>
                            <key>offsets</key>
                                <real>0</real>
                            <key>offsett</key>
                                <real>0</real>
                            <key>scales</key>
                                <real>0.77361857891082763671875</real>
                            <key>scalet</key>
                                <real>0.77361857891082763671875</real>
                            </map>
                        </array>
                    <key>volume</key>
                        <map>
                        <key>path</key>
                            <map>
                            <key>begin</key>
                                <real>0</real>
                            <key>curve</key>
                                <integer>32</integer>
                            <key>end</key>
                                <real>1</real>
                            <key>radius_offset</key>
                                <real>0</real>
                            <key>revolutions</key>
                                <real>1</real>
                            <key>scale_x</key>
                                <real>1</real>
                            <key>scale_y</key>
                                <real>1</real>
                            <key>shear_x</key>
                                <real>0</real>
                            <key>shear_y</key>
                                <real>0</real>
                            <key>skew</key>
                                <real>0</real>
                            <key>taper_x</key>
                                <real>0</real>
                            <key>taper_y</key>
                                <real>0</real>
                            <key>twist</key>
                                <real>0</real>
                            <key>twist_begin</key>
                                <real>0</real>
                            </map>
                        <key>profile</key>
                            <map>
                            <key>begin</key>
                                <real>0</real>
                            <key>curve</key>
                                <integer>5</integer>
                            <key>end</key>
                                <real>1</real>
                            <key>hollow</key>
                                <real>0</real>
                            </map>
                        </map>
                    </map>
                <key>2506967040</key>
                    <map>
                    <key>parent</key>
                        <string>2506967035</string>
                    <key>phantom</key>
                        <integer>0</integer>
                    <key>physical</key>
                        <integer>0</integer>
                    <key>position</key>
                        <array>
                            <real>0.970667183399200439453125</real>
                            <real>0</real>
                            <real>0</real>
                        </array>
                    <key>rotation</key>
                        <array>
                            <real>0</real>
                            <real>0.7071068286895751953125</real>
                            <real>0</real>
                            <real>0.7071068286895751953125</real>
                        </array>
                    <key>scale</key>
                        <array>
                            <real>0.502854824066162109375</real>
                            <real>0.502854824066162109375</real>
                            <real>0.0154723701998591423034668</real>
                        </array>
                    <key>shadows</key>
                        <integer>0</integer>
                    <key>textures</key>
                        <array>
                            <map>
                            <key>bump</key>
                                <integer>0</integer>
                            <key>colors</key>
                                <array>
                                    <real>0.501960813999176025390625</real>
                                    <real>0.501960813999176025390625</real>
                                    <real>0.501960813999176025390625</real>
                                    <real>1</real>
                                </array>
                            <key>fullbright</key>
                                <integer>0</integer>
                            <key>glow</key>
                                <real>0</real>
                            <key>imageid</key>
                                <uuid>dbea2629-8c49-4584-872c-9f5cf4e1d298</uuid>
                            <key>imagerot</key>
                                <real>0</real>
                            <key>media_flags</key>
                                <integer>0</integer>
                            <key>offsets</key>
                                <real>0</real>
                            <key>offsett</key>
                                <real>0</real>
                            <key>scales</key>
                                <real>0.502854824066162109375</real>
                            <key>scalet</key>
                                <real>0.502854824066162109375</real>
                            </map>
                            <map>
                            <key>bump</key>
                                <integer>0</integer>
                            <key>colors</key>
                                <array>
                                    <real>0.501960813999176025390625</real>
                                    <real>0.501960813999176025390625</real>
                                    <real>0.501960813999176025390625</real>
                                    <real>1</real>
                                </array>
                            <key>fullbright</key>
                                <integer>0</integer>
                            <key>glow</key>
                                <real>0</real>
                            <key>imageid</key>
                                <uuid>dbea2629-8c49-4584-872c-9f5cf4e1d298</uuid>
                            <key>imagerot</key>
                                <real>0</real>
                            <key>media_flags</key>
                                <integer>0</integer>
                            <key>offsets</key>
                                <real>0</real>
                            <key>offsett</key>
                                <real>0</real>
                            <key>scales</key>
                                <real>0.502854824066162109375</real>
                            <key>scalet</key>
                                <real>0.01547237113118171691894531</real>
                            </map>
                            <map>
                            <key>bump</key>
                                <integer>0</integer>
                            <key>colors</key>
                                <array>
                                    <real>0.501960813999176025390625</real>
                                    <real>0.501960813999176025390625</real>
                                    <real>0.501960813999176025390625</real>
                                    <real>1</real>
                                </array>
                            <key>fullbright</key>
                                <integer>0</integer>
                            <key>glow</key>
                                <real>0</real>
                            <key>imageid</key>
                                <uuid>dbea2629-8c49-4584-872c-9f5cf4e1d298</uuid>
                            <key>imagerot</key>
                                <real>0</real>
                            <key>media_flags</key>
                                <integer>0</integer>
                            <key>offsets</key>
                                <real>0</real>
                            <key>offsett</key>
                                <real>0</real>
                            <key>scales</key>
                                <real>0.502854824066162109375</real>
                            <key>scalet</key>
                                <real>0.01547237113118171691894531</real>
                            </map>
                        </array>
                    <key>volume</key>
                        <map>
                        <key>path</key>
                            <map>
                            <key>begin</key>
                                <real>0</real>
                            <key>curve</key>
                                <integer>16</integer>
                            <key>end</key>
                                <real>1</real>
                            <key>radius_offset</key>
                                <real>0</real>
                            <key>revolutions</key>
                                <real>1</real>
                            <key>scale_x</key>
                                <real>1</real>
                            <key>scale_y</key>
                                <real>1</real>
                            <key>shear_x</key>
                                <real>0</real>
                            <key>shear_y</key>
                                <real>0</real>
                            <key>skew</key>
                                <real>0</real>
                            <key>taper_x</key>
                                <real>0</real>
                            <key>taper_y</key>
                                <real>0</real>
                            <key>twist</key>
                                <real>0</real>
                            <key>twist_begin</key>
                                <real>0</real>
                            </map>
                        <key>profile</key>
                            <map>
                            <key>begin</key>
                                <real>0</real>
                            <key>curve</key>
                                <integer>0</integer>
                            <key>end</key>
                                <real>1</real>
                            <key>hollow</key>
                                <real>0</real>
                            </map>
                        </map>
                    </map>
                <key>2506967041</key>
                    <map>
                    <key>parent</key>
                        <string>2506967035</string>
                    <key>phantom</key>
                        <integer>0</integer>
                    <key>physical</key>
                        <integer>0</integer>
                    <key>position</key>
                        <array>
                            <real>-0.0952377617359161376953125</real>
                            <real>3.051758903893642127513885e-05</real>
                            <real>1.525879088148940354585648e-05</real>
                        </array>
                    <key>rotation</key>
                        <array>
                            <real>0</real>
                            <real>0.7071068286895751953125</real>
                            <real>0</real>
                            <real>0.7071068286895751953125</real>
                        </array>
                    <key>scale</key>
                        <array>
                            <real>0.61889898777008056640625</real>
                            <real>0.61889898777008056640625</real>
                            <real>0.1740656048059463500976562</real>
                        </array>
                    <key>shadows</key>
                        <integer>0</integer>
                    <key>textures</key>
                        <array>
                            <map>
                            <key>bump</key>
                                <integer>0</integer>
                            <key>colors</key>
                                <array>
                                    <real>0.501960813999176025390625</real>
                                    <real>0.501960813999176025390625</real>
                                    <real>0.501960813999176025390625</real>
                                    <real>1</real>
                                </array>
                            <key>fullbright</key>
                                <integer>0</integer>
                            <key>glow</key>
                                <real>0</real>
                            <key>imageid</key>
                                <uuid>ef569313-245a-4dda-917f-a08d663a9c36</uuid>
                            <key>imagerot</key>
                                <real>0</real>
                            <key>media_flags</key>
                                <integer>0</integer>
                            <key>offsets</key>
                                <real>0</real>
                            <key>offsett</key>
                                <real>0</real>
                            <key>scales</key>
                                <real>0.618899047374725341796875</real>
                            <key>scalet</key>
                                <real>0.618899047374725341796875</real>
                            </map>
                            <map>
                            <key>bump</key>
                                <integer>0</integer>
                            <key>colors</key>
                                <array>
                                    <real>0.501960813999176025390625</real>
                                    <real>0.501960813999176025390625</real>
                                    <real>0.501960813999176025390625</real>
                                    <real>1</real>
                                </array>
                            <key>fullbright</key>
                                <integer>0</integer>
                            <key>glow</key>
                                <real>0</real>
                            <key>imageid</key>
                                <uuid>ef569313-245a-4dda-917f-a08d663a9c36</uuid>
                            <key>imagerot</key>
                                <real>0</real>
                            <key>media_flags</key>
                                <integer>0</integer>
                            <key>offsets</key>
                                <real>0</real>
                            <key>offsett</key>
                                <real>0</real>
                            <key>scales</key>
                                <real>0.618899047374725341796875</real>
                            <key>scalet</key>
                                <real>0.1740656346082687377929688</real>
                            </map>
                            <map>
                            <key>bump</key>
                                <integer>0</integer>
                            <key>colors</key>
                                <array>
                                    <real>0.501960813999176025390625</real>
                                    <real>0.501960813999176025390625</real>
                                    <real>0.501960813999176025390625</real>
                                    <real>1</real>
                                </array>
                            <key>fullbright</key>
                                <integer>0</integer>
                            <key>glow</key>
                                <real>0</real>
                            <key>imageid</key>
                                <uuid>ef569313-245a-4dda-917f-a08d663a9c36</uuid>
                            <key>imagerot</key>
                                <real>0</real>
                            <key>media_flags</key>
                                <integer>0</integer>
                            <key>offsets</key>
                                <real>0</real>
                            <key>offsett</key>
                                <real>0</real>
                            <key>scales</key>
                                <real>0.618899047374725341796875</real>
                            <key>scalet</key>
                                <real>0.1740656346082687377929688</real>
                            </map>
                        </array>
                    <key>volume</key>
                        <map>
                        <key>path</key>
                            <map>
                            <key>begin</key>
                                <real>0</real>
                            <key>curve</key>
                                <integer>32</integer>
                            <key>end</key>
                                <real>0.5</real>
                            <key>radius_offset</key>
                                <real>0</real>
                            <key>revolutions</key>
                                <real>1</real>
                            <key>scale_x</key>
                                <real>1</real>
                            <key>scale_y</key>
                                <real>1</real>
                            <key>shear_x</key>
                                <real>0</real>
                            <key>shear_y</key>
                                <real>0</real>
                            <key>skew</key>
                                <real>0</real>
                            <key>taper_x</key>
                                <real>0</real>
                            <key>taper_y</key>
                                <real>0</real>
                            <key>twist</key>
                                <real>0</real>
                            <key>twist_begin</key>
                                <real>0</real>
                            </map>
                        <key>profile</key>
                            <map>
                            <key>begin</key>
                                <real>0</real>
                            <key>curve</key>
                                <integer>5</integer>
                            <key>end</key>
                                <real>1</real>
                            <key>hollow</key>
                                <real>0</real>
                            </map>
                        </map>
                    </map>
                <key>2506967042</key>
                    <map>
                    <key>parent</key>
                        <string>2506967035</string>
                    <key>phantom</key>
                        <integer>0</integer>
                    <key>physical</key>
                        <integer>0</integer>
                    <key>position</key>
                        <array>
                            <real>0.622539699077606201171875</real>
                            <real>3.051758903893642127513885e-05</real>
                            <real>1.525879088148940354585648e-05</real>
                        </array>
                    <key>rotation</key>
                        <array>
                            <real>0</real>
                            <real>1</real>
                            <real>0</real>
                            <real>0</real>
                        </array>
                    <key>scale</key>
                        <array>
                            <real>0.03215625137090682983398438</real>
                            <real>0.6250131130218505859375</real>
                            <real>0.6250131130218505859375</real>
                        </array>
                    <key>shadows</key>
                        <integer>0</integer>
                    <key>textures</key>
                        <array>
                            <map>
                            <key>bump</key>
                                <integer>0</integer>
                            <key>colors</key>
                                <array>
                                    <real>0.501960813999176025390625</real>
                                    <real>0.501960813999176025390625</real>
                                    <real>0.501960813999176025390625</real>
                                    <real>1</real>
                                </array>
                            <key>fullbright</key>
                                <integer>0</integer>
                            <key>glow</key>
                                <real>0</real>
                            <key>imageid</key>
                                <uuid>ef569313-245a-4dda-917f-a08d663a9c36</uuid>
                            <key>imagerot</key>
                                <real>0</real>
                            <key>media_flags</key>
                                <integer>0</integer>
                            <key>offsets</key>
                                <real>0</real>
                            <key>offsett</key>
                                <real>0</real>
                            <key>scales</key>
                                <real>0.03215624764561653137207031</real>
                            <key>scalet</key>
                                <real>0.6250131130218505859375</real>
                            </map>
                        </array>
                    <key>volume</key>
                        <map>
                        <key>path</key>
                            <map>
                            <key>begin</key>
                                <real>0</real>
                            <key>curve</key>
                                <integer>32</integer>
                            <key>end</key>
                                <real>1</real>
                            <key>radius_offset</key>
                                <real>0</real>
                            <key>revolutions</key>
                                <real>1</real>
                            <key>scale_x</key>
                                <real>1</real>
                            <key>scale_y</key>
                                <real>0.04999999701976776123046875</real>
                            <key>shear_x</key>
                                <real>0</real>
                            <key>shear_y</key>
                                <real>0</real>
                            <key>skew</key>
                                <real>0</real>
                            <key>taper_x</key>
                                <real>0</real>
                            <key>taper_y</key>
                                <real>0</real>
                            <key>twist</key>
                                <real>0</real>
                            <key>twist_begin</key>
                                <real>0</real>
                            </map>
                        <key>profile</key>
                            <map>
                            <key>begin</key>
                                <real>0</real>
                            <key>curve</key>
                                <integer>0</integer>
                            <key>end</key>
                                <real>1</real>
                            <key>hollow</key>
                                <real>0</real>
                            </map>
                        </map>
                    </map>
                <key>2506967043</key>
                    <map>
                    <key>parent</key>
                        <string>2506967035</string>
                    <key>phantom</key>
                        <integer>0</integer>
                    <key>physical</key>
                        <integer>0</integer>
                    <key>position</key>
                        <array>
                            <real>0.8264563083648681640625</real>
                            <real>0</real>
                            <real>0</real>
                        </array>
                    <key>rotation</key>
                        <array>
                            <real>0</real>
                            <real>0</real>
                            <real>0</real>
                            <real>1</real>
                        </array>
                    <key>scale</key>
                        <array>
                            <real>0.536473095417022705078125</real>
                            <real>1.0830600261688232421875</real>
                            <real>1.0830600261688232421875</real>
                        </array>
                    <key>shadows</key>
                        <integer>0</integer>
                    <key>textures</key>
                        <array>
                            <map>
                            <key>bump</key>
                                <integer>0</integer>
                            <key>colors</key>
                                <array>
                                    <real>0.501960813999176025390625</real>
                                    <real>0.501960813999176025390625</real>
                                    <real>0.501960813999176025390625</real>
                                    <real>1</real>
                                </array>
                            <key>fullbright</key>
                                <integer>0</integer>
                            <key>glow</key>
                                <real>0</real>
                            <key>imageid</key>
                                <uuid>ef569313-245a-4dda-917f-a08d663a9c36</uuid>
                            <key>imagerot</key>
                                <real>0</real>
                            <key>media_flags</key>
                                <integer>0</integer>
                            <key>offsets</key>
                                <real>0</real>
                            <key>offsett</key>
                                <real>0</real>
                            <key>scales</key>
                                <real>0.536473095417022705078125</real>
                            <key>scalet</key>
                                <real>1.08306026458740234375</real>
                            </map>
                            <map>
                            <key>bump</key>
                                <integer>0</integer>
                            <key>colors</key>
                                <array>
                                    <real>0.501960813999176025390625</real>
                                    <real>0.501960813999176025390625</real>
                                    <real>0.501960813999176025390625</real>
                                    <real>1</real>
                                </array>
                            <key>fullbright</key>
                                <integer>0</integer>
                            <key>glow</key>
                                <real>0</real>
                            <key>imageid</key>
                                <uuid>ef569313-245a-4dda-917f-a08d663a9c36</uuid>
                            <key>imagerot</key>
                                <real>0</real>
                            <key>media_flags</key>
                                <integer>0</integer>
                            <key>offsets</key>
                                <real>0</real>
                            <key>offsett</key>
                                <real>0</real>
                            <key>scales</key>
                                <real>0.536473095417022705078125</real>
                            <key>scalet</key>
                                <real>1.08306026458740234375</real>
                            </map>
                            <map>
                            <key>bump</key>
                                <integer>0</integer>
                            <key>colors</key>
                                <array>
                                    <real>0.501960813999176025390625</real>
                                    <real>0.501960813999176025390625</real>
                                    <real>0.501960813999176025390625</real>
                                    <real>1</real>
                                </array>
                            <key>fullbright</key>
                                <integer>0</integer>
                            <key>glow</key>
                                <real>0</real>
                            <key>imageid</key>
                                <uuid>ef569313-245a-4dda-917f-a08d663a9c36</uuid>
                            <key>imagerot</key>
                                <real>0</real>
                            <key>media_flags</key>
                                <integer>0</integer>
                            <key>offsets</key>
                                <real>0</real>
                            <key>offsett</key>
                                <real>0</real>
                            <key>scales</key>
                                <real>1.08306026458740234375</real>
                            <key>scalet</key>
                                <real>1.08306026458740234375</real>
                            </map>
                            <map>
                            <key>bump</key>
                                <integer>0</integer>
                            <key>colors</key>
                                <array>
                                    <real>0.501960813999176025390625</real>
                                    <real>0.501960813999176025390625</real>
                                    <real>0.501960813999176025390625</real>
                                    <real>1</real>
                                </array>
                            <key>fullbright</key>
                                <integer>0</integer>
                            <key>glow</key>
                                <real>0</real>
                            <key>imageid</key>
                                <uuid>ef569313-245a-4dda-917f-a08d663a9c36</uuid>
                            <key>imagerot</key>
                                <real>0</real>
                            <key>media_flags</key>
                                <integer>0</integer>
                            <key>offsets</key>
                                <real>0</real>
                            <key>offsett</key>
                                <real>0</real>
                            <key>scales</key>
                                <real>0.536473095417022705078125</real>
                            <key>scalet</key>
                                <real>1.08306026458740234375</real>
                            </map>
                        </array>
                    <key>volume</key>
                        <map>
                        <key>path</key>
                            <map>
                            <key>begin</key>
                                <real>0</real>
                            <key>curve</key>
                                <integer>32</integer>
                            <key>end</key>
                                <real>1</real>
                            <key>radius_offset</key>
                                <real>0</real>
                            <key>revolutions</key>
                                <real>1</real>
                            <key>scale_x</key>
                                <real>1</real>
                            <key>scale_y</key>
                                <real>0.2999999821186065673828125</real>
                            <key>shear_x</key>
                                <real>0</real>
                            <key>shear_y</key>
                                <real>0</real>
                            <key>skew</key>
                                <real>0</real>
                            <key>taper_x</key>
                                <real>0</real>
                            <key>taper_y</key>
                                <real>0</real>
                            <key>twist</key>
                                <real>0</real>
                            <key>twist_begin</key>
                                <real>0</real>
                            </map>
                        <key>profile</key>
                            <map>
                            <key>begin</key>
                                <real>0.09999000281095504760742188</real>
                            <key>curve</key>
                                <integer>0</integer>
                            <key>end</key>
                                <real>0.5</real>
                            <key>hollow</key>
                                <real>0.89999997615814208984375</real>
                            </map>
                        </map>
                    </map>
                <key>2506967044</key>
                    <map>
                    <key>parent</key>
                        <string>2506967035</string>
                    <key>phantom</key>
                        <integer>0</integer>
                    <key>physical</key>
                        <integer>0</integer>
                    <key>position</key>
                        <array>
                            <real>0.628097712993621826171875</real>
                            <real>-0.304306089878082275390625</real>
                            <real>0.008605959825217723846435547</real>
                        </array>
                    <key>rotation</key>
                        <array>
                            <real>0.499989211559295654296875</real>
                            <real>-0.500010788440704345703125</real>
                            <real>0.4999893009662628173828125</real>
                            <real>0.5000107288360595703125</real>
                        </array>
                    <key>scale</key>
                        <array>
                            <real>0.03750744089484214782714844</real>
                            <real>0.137895405292510986328125</real>
                            <real>0.137895405292510986328125</real>
                        </array>
                    <key>shadows</key>
                        <integer>0</integer>
                    <key>textures</key>
                        <array>
                            <map>
                            <key>bump</key>
                                <integer>0</integer>
                            <key>colors</key>
                                <array>
                                    <real>0.501960813999176025390625</real>
                                    <real>0.501960813999176025390625</real>
                                    <real>0.501960813999176025390625</real>
                                    <real>1</real>
                                </array>
                            <key>fullbright</key>
                                <integer>0</integer>
                            <key>glow</key>
                                <real>0</real>
                            <key>imageid</key>
                                <uuid>ef569313-245a-4dda-917f-a08d663a9c36</uuid>
                            <key>imagerot</key>
                                <real>0</real>
                            <key>media_flags</key>
                                <integer>0</integer>
                            <key>offsets</key>
                                <real>0</real>
                            <key>offsett</key>
                                <real>0</real>
                            <key>scales</key>
                                <real>0.03750743716955184936523438</real>
                            <key>scalet</key>
                                <real>0.1378954499959945678710938</real>
                            </map>
                        </array>
                    <key>volume</key>
                        <map>
                        <key>path</key>
                            <map>
                            <key>begin</key>
                                <real>0</real>
                            <key>curve</key>
                                <integer>32</integer>
                            <key>end</key>
                                <real>1</real>
                            <key>radius_offset</key>
                                <real>0</real>
                            <key>revolutions</key>
                                <real>1</real>
                            <key>scale_x</key>
                                <real>1</real>
                            <key>scale_y</key>
                                <real>0.199999988079071044921875</real>
                            <key>shear_x</key>
                                <real>0</real>
                            <key>shear_y</key>
                                <real>0</real>
                            <key>skew</key>
                                <real>0</real>
                            <key>taper_x</key>
                                <real>0</real>
                            <key>taper_y</key>
                                <real>0</real>
                            <key>twist</key>
                                <real>0</real>
                            <key>twist_begin</key>
                                <real>0</real>
                            </map>
                        <key>profile</key>
                            <map>
                            <key>begin</key>
                                <real>0</real>
                            <key>curve</key>
                                <integer>0</integer>
                            <key>end</key>
                                <real>1</real>
                            <key>hollow</key>
                                <real>0</real>
                            </map>
                        </map>
                    </map>
                </map>
            <key>root_position</key>
                <array>
                    <real>127.68479156494140625</real>
                    <real>123.12703704833984375</real>
                    <real>24.994384765625</real>
                </array>
            <key>root_rotation</key>
                <array>
                    <real>0</real>
                    <real>-0.7071068286895751953125</real>
                    <real>0</real>
                    <real>0.70710670948028564453125</real>
                </array>
            </map>
        </array>
    </map>
</llsd>
