<llsd>
    <map>
    <key>data</key>
        <array>
            <map>
            <key>group_body</key>
                <map>
                <key>1965272910</key>
                    <map>
                    <key>parent</key>
                        <string>1965272914</string>
                    <key>phantom</key>
                        <integer>0</integer>
                    <key>physical</key>
                        <integer>0</integer>
                    <key>position</key>
                        <array>
                            <real>-0.39870452880859375</real>
                            <real>0.35272979736328125</real>
                            <real>-0.052852630615234375</real>
                        </array>
                    <key>rotation</key>
                        <array>
                            <real>0.5</real>
                            <real>0.49999997019767761</real>
                            <real>-0.5</real>
                            <real>0.5</real>
                        </array>
                    <key>scale</key>
                        <array>
                            <real>0.63999998569488525</real>
                            <real>0.67500001192092896</real>
                            <real>0.10000000149011612</real>
                        </array>
                    <key>shadows</key>
                        <integer>0</integer>
                    <key>textures</key>
                        <array>
                            <map>
                            <key>bump</key>
                                <integer>0</integer>
                            <key>colors</key>
                                <array>
                                    <real>1</real>
                                    <real>1</real>
                                    <real>1</real>
                                    <real>1</real>
                                </array>
                            <key>fullbright</key>
                                <integer>0</integer>
                            <key>glow</key>
                                <real>0</real>
                            <key>imageid</key>
                                <uuid>10ea0202-a40a-4a7e-a059-3c521c7830e7</uuid>
                            <key>imagerot</key>
                                <real>0</real>
                            <key>media_flags</key>
                                <integer>0</integer>
                            <key>offsets</key>
                                <real>0</real>
                            <key>offsett</key>
                                <real>0</real>
                            <key>scales</key>
                                <real>1</real>
                            <key>scalet</key>
                                <real>1</real>
                            </map>
                            <map>
                            <key>bump</key>
                                <integer>0</integer>
                            <key>colors</key>
                                <array>
                                    <real>1</real>
                                    <real>1</real>
                                    <real>1</real>
                                    <real>1</real>
                                </array>
                            <key>fullbright</key>
                                <integer>0</integer>
                            <key>glow</key>
                                <real>0</real>
                            <key>imageid</key>
                                <uuid>10ea0202-a40a-4a7e-a059-3c521c7830e7</uuid>
                            <key>imagerot</key>
                                <real>0</real>
                            <key>media_flags</key>
                                <integer>0</integer>
                            <key>offsets</key>
                                <real>0</real>
                            <key>offsett</key>
                                <real>0</real>
                            <key>scales</key>
                                <real>1</real>
                            <key>scalet</key>
                                <real>1</real>
                            </map>
                            <map>
                            <key>bump</key>
                                <integer>0</integer>
                            <key>colors</key>
                                <array>
                                    <real>1</real>
                                    <real>1</real>
                                    <real>1</real>
                                    <real>1</real>
                                </array>
                            <key>fullbright</key>
                                <integer>0</integer>
                            <key>glow</key>
                                <real>0</real>
                            <key>imageid</key>
                                <uuid>10ea0202-a40a-4a7e-a059-3c521c7830e7</uuid>
                            <key>imagerot</key>
                                <real>0</real>
                            <key>media_flags</key>
                                <integer>0</integer>
                            <key>offsets</key>
                                <real>0</real>
                            <key>offsett</key>
                                <real>0</real>
                            <key>scales</key>
                                <real>1</real>
                            <key>scalet</key>
                                <real>1</real>
                            </map>
                            <map>
                            <key>bump</key>
                                <integer>0</integer>
                            <key>colors</key>
                                <array>
                                    <real>1</real>
                                    <real>1</real>
                                    <real>1</real>
                                    <real>1</real>
                                </array>
                            <key>fullbright</key>
                                <integer>0</integer>
                            <key>glow</key>
                                <real>0</real>
                            <key>imageid</key>
                                <uuid>10ea0202-a40a-4a7e-a059-3c521c7830e7</uuid>
                            <key>imagerot</key>
                                <real>0</real>
                            <key>media_flags</key>
                                <integer>0</integer>
                            <key>offsets</key>
                                <real>0</real>
                            <key>offsett</key>
                                <real>0</real>
                            <key>scales</key>
                                <real>1</real>
                            <key>scalet</key>
                                <real>1</real>
                            </map>
                            <map>
                            <key>bump</key>
                                <integer>0</integer>
                            <key>colors</key>
                                <array>
                                    <real>1</real>
                                    <real>1</real>
                                    <real>1</real>
                                    <real>1</real>
                                </array>
                            <key>fullbright</key>
                                <integer>0</integer>
                            <key>glow</key>
                                <real>0</real>
                            <key>imageid</key>
                                <uuid>10ea0202-a40a-4a7e-a059-3c521c7830e7</uuid>
                            <key>imagerot</key>
                                <real>0</real>
                            <key>media_flags</key>
                                <integer>0</integer>
                            <key>offsets</key>
                                <real>0</real>
                            <key>offsett</key>
                                <real>0</real>
                            <key>scales</key>
                                <real>1</real>
                            <key>scalet</key>
                                <real>1</real>
                            </map>
                            <map>
                            <key>bump</key>
                                <integer>0</integer>
                            <key>colors</key>
                                <array>
                                    <real>1</real>
                                    <real>1</real>
                                    <real>1</real>
                                    <real>1</real>
                                </array>
                            <key>fullbright</key>
                                <integer>0</integer>
                            <key>glow</key>
                                <real>0</real>
                            <key>imageid</key>
                                <uuid>10ea0202-a40a-4a7e-a059-3c521c7830e7</uuid>
                            <key>imagerot</key>
                                <real>0</real>
                            <key>media_flags</key>
                                <integer>0</integer>
                            <key>offsets</key>
                                <real>0</real>
                            <key>offsett</key>
                                <real>0</real>
                            <key>scales</key>
                                <real>1</real>
                            <key>scalet</key>
                                <real>1</real>
                            </map>
                            <map>
                            <key>bump</key>
                                <integer>0</integer>
                            <key>colors</key>
                                <array>
                                    <real>1</real>
                                    <real>1</real>
                                    <real>1</real>
                                    <real>1</real>
                                </array>
                            <key>fullbright</key>
                                <integer>0</integer>
                            <key>glow</key>
                                <real>0</real>
                            <key>imageid</key>
                                <uuid>10ea0202-a40a-4a7e-a059-3c521c7830e7</uuid>
                            <key>imagerot</key>
                                <real>0</real>
                            <key>media_flags</key>
                                <integer>0</integer>
                            <key>offsets</key>
                                <real>0</real>
                            <key>offsett</key>
                                <real>0</real>
                            <key>scales</key>
                                <real>1</real>
                            <key>scalet</key>
                                <real>1</real>
                            </map>
                        </array>
                    <key>volume</key>
                        <map>
                        <key>path</key>
                            <map>
                            <key>begin</key>
                                <real>0</real>
                            <key>curve</key>
                                <integer>16</integer>
                            <key>end</key>
                                <real>1</real>
                            <key>radius_offset</key>
                                <real>0</real>
                            <key>revolutions</key>
                                <real>1</real>
                            <key>scale_x</key>
                                <real>1</real>
                            <key>scale_y</key>
                                <real>1</real>
                            <key>shear_x</key>
                                <real>0</real>
                            <key>shear_y</key>
                                <real>0</real>
                            <key>skew</key>
                                <real>0</real>
                            <key>taper_x</key>
                                <real>0</real>
                            <key>taper_y</key>
                                <real>0</real>
                            <key>twist</key>
                                <real>0</real>
                            <key>twist_begin</key>
                                <real>0</real>
                            </map>
                        <key>profile</key>
                            <map>
                            <key>begin</key>
                                <real>0</real>
                            <key>curve</key>
                                <integer>1</integer>
                            <key>end</key>
                                <real>1</real>
                            <key>hollow</key>
                                <real>0.79997998476028442</real>
                            </map>
                        </map>
                    </map>
                <key>1965272914</key>
                    <map>
                    <key>phantom</key>
                        <integer>0</integer>
                    <key>physical</key>
                        <integer>0</integer>
                    <key>position</key>
                        <array>
                            <real>33.116371154785156</real>
                            <real>99.917243957519531</real>
                            <real>23.221704483032227</real>
                        </array>
                    <key>rotation</key>
                        <array>
                            <real>-0</real>
                            <real>-0.7071068286895752</real>
                            <real>-0</real>
                            <real>0.7071068286895752</real>
                        </array>
                    <key>scale</key>
                        <array>
                            <real>0.11269629001617432</real>
                            <real>0.7174718976020813</real>
                            <real>0.55409586429595947</real>
                        </array>
                    <key>sculpt</key>
                        <map>
                        <key>texture</key>
                            <uuid>54b884e2-14a5-4a09-8bd2-a203ca1d3187</uuid>
                        <key>type</key>
                            <integer>1</integer>
                        </map>
                    <key>shadows</key>
                        <integer>0</integer>
                    <key>textures</key>
                        <array>
                            <map>
                            <key>bump</key>
                                <integer>0</integer>
                            <key>colors</key>
                                <array>
                                    <real>1</real>
                                    <real>1</real>
                                    <real>1</real>
                                    <real>1</real>
                                </array>
                            <key>fullbright</key>
                                <integer>0</integer>
                            <key>glow</key>
                                <real>0</real>
                            <key>imageid</key>
                                <uuid>903b0488-d024-44d3-a024-1cbbfc725398</uuid>
                            <key>imagerot</key>
                                <real>0</real>
                            <key>media_flags</key>
                                <integer>0</integer>
                            <key>offsets</key>
                                <real>0</real>
                            <key>offsett</key>
                                <real>0</real>
                            <key>scales</key>
                                <real>1</real>
                            <key>scalet</key>
                                <real>1</real>
                            </map>
                        </array>
                    <key>volume</key>
                        <map>
                        <key>path</key>
                            <map>
                            <key>begin</key>
                                <real>0</real>
                            <key>curve</key>
                                <integer>32</integer>
                            <key>end</key>
                                <real>1</real>
                            <key>radius_offset</key>
                                <real>0</real>
                            <key>revolutions</key>
                                <real>1</real>
                            <key>scale_x</key>
                                <real>1</real>
                            <key>scale_y</key>
                                <real>0.5</real>
                            <key>shear_x</key>
                                <real>0</real>
                            <key>shear_y</key>
                                <real>0</real>
                            <key>skew</key>
                                <real>0</real>
                            <key>taper_x</key>
                                <real>0</real>
                            <key>taper_y</key>
                                <real>0</real>
                            <key>twist</key>
                                <real>0</real>
                            <key>twist_begin</key>
                                <real>0</real>
                            </map>
                        <key>profile</key>
                            <map>
                            <key>begin</key>
                                <real>0</real>
                            <key>curve</key>
                                <integer>0</integer>
                            <key>end</key>
                                <real>1</real>
                            <key>hollow</key>
                                <real>0</real>
                            </map>
                        </map>
                    </map>
                <key>1965272916</key>
                    <map>
                    <key>parent</key>
                        <string>1965272914</string>
                    <key>phantom</key>
                        <integer>0</integer>
                    <key>physical</key>
                        <integer>0</integer>
                    <key>position</key>
                        <array>
                            <real>0.078241348266601563</real>
                            <real>0.35272979736328125</real>
                            <real>-0.052852630615234375</real>
                        </array>
                    <key>rotation</key>
                        <array>
                            <real>0.5</real>
                            <real>0.5</real>
                            <real>-0.5</real>
                            <real>0.5</real>
                        </array>
                    <key>scale</key>
                        <array>
                            <real>0.63999998569488525</real>
                            <real>0.22066217660903931</real>
                            <real>0.10000000149011612</real>
                        </array>
                    <key>shadows</key>
                        <integer>0</integer>
                    <key>textures</key>
                        <array>
                            <map>
                            <key>bump</key>
                                <integer>0</integer>
                            <key>colors</key>
                                <array>
                                    <real>1</real>
                                    <real>1</real>
                                    <real>1</real>
                                    <real>1</real>
                                </array>
                            <key>fullbright</key>
                                <integer>0</integer>
                            <key>glow</key>
                                <real>0</real>
                            <key>imageid</key>
                                <uuid>10ea0202-a40a-4a7e-a059-3c521c7830e7</uuid>
                            <key>imagerot</key>
                                <real>0</real>
                            <key>media_flags</key>
                                <integer>0</integer>
                            <key>offsets</key>
                                <real>0</real>
                            <key>offsett</key>
                                <real>0</real>
                            <key>scales</key>
                                <real>1</real>
                            <key>scalet</key>
                                <real>1</real>
                            </map>
                            <map>
                            <key>bump</key>
                                <integer>0</integer>
                            <key>colors</key>
                                <array>
                                    <real>1</real>
                                    <real>1</real>
                                    <real>1</real>
                                    <real>1</real>
                                </array>
                            <key>fullbright</key>
                                <integer>0</integer>
                            <key>glow</key>
                                <real>0</real>
                            <key>imageid</key>
                                <uuid>10ea0202-a40a-4a7e-a059-3c521c7830e7</uuid>
                            <key>imagerot</key>
                                <real>0</real>
                            <key>media_flags</key>
                                <integer>0</integer>
                            <key>offsets</key>
                                <real>0</real>
                            <key>offsett</key>
                                <real>0</real>
                            <key>scales</key>
                                <real>1</real>
                            <key>scalet</key>
                                <real>1</real>
                            </map>
                            <map>
                            <key>bump</key>
                                <integer>0</integer>
                            <key>colors</key>
                                <array>
                                    <real>1</real>
                                    <real>1</real>
                                    <real>1</real>
                                    <real>1</real>
                                </array>
                            <key>fullbright</key>
                                <integer>0</integer>
                            <key>glow</key>
                                <real>0</real>
                            <key>imageid</key>
                                <uuid>10ea0202-a40a-4a7e-a059-3c521c7830e7</uuid>
                            <key>imagerot</key>
                                <real>0</real>
                            <key>media_flags</key>
                                <integer>0</integer>
                            <key>offsets</key>
                                <real>0</real>
                            <key>offsett</key>
                                <real>0</real>
                            <key>scales</key>
                                <real>1</real>
                            <key>scalet</key>
                                <real>1</real>
                            </map>
                            <map>
                            <key>bump</key>
                                <integer>0</integer>
                            <key>colors</key>
                                <array>
                                    <real>1</real>
                                    <real>1</real>
                                    <real>1</real>
                                    <real>1</real>
                                </array>
                            <key>fullbright</key>
                                <integer>0</integer>
                            <key>glow</key>
                                <real>0</real>
                            <key>imageid</key>
                                <uuid>10ea0202-a40a-4a7e-a059-3c521c7830e7</uuid>
                            <key>imagerot</key>
                                <real>0</real>
                            <key>media_flags</key>
                                <integer>0</integer>
                            <key>offsets</key>
                                <real>0</real>
                            <key>offsett</key>
                                <real>0</real>
                            <key>scales</key>
                                <real>1</real>
                            <key>scalet</key>
                                <real>1</real>
                            </map>
                            <map>
                            <key>bump</key>
                                <integer>0</integer>
                            <key>colors</key>
                                <array>
                                    <real>1</real>
                                    <real>1</real>
                                    <real>1</real>
                                    <real>1</real>
                                </array>
                            <key>fullbright</key>
                                <integer>0</integer>
                            <key>glow</key>
                                <real>0</real>
                            <key>imageid</key>
                                <uuid>10ea0202-a40a-4a7e-a059-3c521c7830e7</uuid>
                            <key>imagerot</key>
                                <real>0</real>
                            <key>media_flags</key>
                                <integer>0</integer>
                            <key>offsets</key>
                                <real>0</real>
                            <key>offsett</key>
                                <real>0</real>
                            <key>scales</key>
                                <real>1</real>
                            <key>scalet</key>
                                <real>1</real>
                            </map>
                            <map>
                            <key>bump</key>
                                <integer>0</integer>
                            <key>colors</key>
                                <array>
                                    <real>1</real>
                                    <real>1</real>
                                    <real>1</real>
                                    <real>1</real>
                                </array>
                            <key>fullbright</key>
                                <integer>0</integer>
                            <key>glow</key>
                                <real>0</real>
                            <key>imageid</key>
                                <uuid>10ea0202-a40a-4a7e-a059-3c521c7830e7</uuid>
                            <key>imagerot</key>
                                <real>0</real>
                            <key>media_flags</key>
                                <integer>0</integer>
                            <key>offsets</key>
                                <real>0</real>
                            <key>offsett</key>
                                <real>0</real>
                            <key>scales</key>
                                <real>1</real>
                            <key>scalet</key>
                                <real>1</real>
                            </map>
                            <map>
                            <key>bump</key>
                                <integer>0</integer>
                            <key>colors</key>
                                <array>
                                    <real>1</real>
                                    <real>1</real>
                                    <real>1</real>
                                    <real>1</real>
                                </array>
                            <key>fullbright</key>
                                <integer>0</integer>
                            <key>glow</key>
                                <real>0</real>
                            <key>imageid</key>
                                <uuid>10ea0202-a40a-4a7e-a059-3c521c7830e7</uuid>
                            <key>imagerot</key>
                                <real>0</real>
                            <key>media_flags</key>
                                <integer>0</integer>
                            <key>offsets</key>
                                <real>0</real>
                            <key>offsett</key>
                                <real>0</real>
                            <key>scales</key>
                                <real>1</real>
                            <key>scalet</key>
                                <real>1</real>
                            </map>
                        </array>
                    <key>volume</key>
                        <map>
                        <key>path</key>
                            <map>
                            <key>begin</key>
                                <real>0</real>
                            <key>curve</key>
                                <integer>16</integer>
                            <key>end</key>
                                <real>1</real>
                            <key>radius_offset</key>
                                <real>0</real>
                            <key>revolutions</key>
                                <real>1</real>
                            <key>scale_x</key>
                                <real>1</real>
                            <key>scale_y</key>
                                <real>1</real>
                            <key>shear_x</key>
                                <real>0</real>
                            <key>shear_y</key>
                                <real>0</real>
                            <key>skew</key>
                                <real>0</real>
                            <key>taper_x</key>
                                <real>0</real>
                            <key>taper_y</key>
                                <real>0</real>
                            <key>twist</key>
                                <real>0</real>
                            <key>twist_begin</key>
                                <real>0</real>
                            </map>
                        <key>profile</key>
                            <map>
                            <key>begin</key>
                                <real>0</real>
                            <key>curve</key>
                                <integer>1</integer>
                            <key>end</key>
                                <real>1</real>
                            <key>hollow</key>
                                <real>0.79997998476028442</real>
                            </map>
                        </map>
                    </map>
                <key>1965272917</key>
                    <map>
                    <key>parent</key>
                        <string>1965272914</string>
                    <key>phantom</key>
                        <integer>0</integer>
                    <key>physical</key>
                        <integer>0</integer>
                    <key>position</key>
                        <array>
                            <real>0.44827648997306824</real>
                            <real>0.00035858154296875</real>
                            <real>-0.34260177612304688</real>
                        </array>
                    <key>rotation</key>
                        <array>
                            <real>-0.70686459541320801</real>
                            <real>-0.70686435699462891</real>
                            <real>0.01850992813706398</real>
                            <real>0.018509659916162491</real>
                        </array>
                    <key>scale</key>
                        <array>
                            <real>0.60000002384185791</real>
                            <real>0.8399999737739563</real>
                            <real>0.079999998211860657</real>
                        </array>
                    <key>shadows</key>
                        <integer>0</integer>
                    <key>textures</key>
                        <array>
                            <map>
                            <key>bump</key>
                                <integer>0</integer>
                            <key>colors</key>
                                <array>
                                    <real>1</real>
                                    <real>1</real>
                                    <real>1</real>
                                    <real>1</real>
                                </array>
                            <key>fullbright</key>
                                <integer>0</integer>
                            <key>glow</key>
                                <real>0</real>
                            <key>imageid</key>
                                <uuid>903b0488-d024-44d3-a024-1cbbfc725398</uuid>
                            <key>imagerot</key>
                                <real>0</real>
                            <key>media_flags</key>
                                <integer>0</integer>
                            <key>offsets</key>
                                <real>0</real>
                            <key>offsett</key>
                                <real>0</real>
                            <key>scales</key>
                                <real>1</real>
                            <key>scalet</key>
                                <real>1</real>
                            </map>
                            <map>
                            <key>bump</key>
                                <integer>0</integer>
                            <key>colors</key>
                                <array>
                                    <real>1</real>
                                    <real>1</real>
                                    <real>1</real>
                                    <real>1</real>
                                </array>
                            <key>fullbright</key>
                                <integer>0</integer>
                            <key>glow</key>
                                <real>0</real>
                            <key>imageid</key>
                                <uuid>903b0488-d024-44d3-a024-1cbbfc725398</uuid>
                            <key>imagerot</key>
                                <real>0</real>
                            <key>media_flags</key>
                                <integer>0</integer>
                            <key>offsets</key>
                                <real>0</real>
                            <key>offsett</key>
                                <real>0</real>
                            <key>scales</key>
                                <real>1</real>
                            <key>scalet</key>
                                <real>1</real>
                            </map>
                            <map>
                            <key>bump</key>
                                <integer>0</integer>
                            <key>colors</key>
                                <array>
                                    <real>1</real>
                                    <real>1</real>
                                    <real>1</real>
                                    <real>1</real>
                                </array>
                            <key>fullbright</key>
                                <integer>0</integer>
                            <key>glow</key>
                                <real>0</real>
                            <key>imageid</key>
                                <uuid>903b0488-d024-44d3-a024-1cbbfc725398</uuid>
                            <key>imagerot</key>
                                <real>0</real>
                            <key>media_flags</key>
                                <integer>0</integer>
                            <key>offsets</key>
                                <real>0</real>
                            <key>offsett</key>
                                <real>0</real>
                            <key>scales</key>
                                <real>1</real>
                            <key>scalet</key>
                                <real>1</real>
                            </map>
                            <map>
                            <key>bump</key>
                                <integer>0</integer>
                            <key>colors</key>
                                <array>
                                    <real>1</real>
                                    <real>1</real>
                                    <real>1</real>
                                    <real>1</real>
                                </array>
                            <key>fullbright</key>
                                <integer>0</integer>
                            <key>glow</key>
                                <real>0</real>
                            <key>imageid</key>
                                <uuid>903b0488-d024-44d3-a024-1cbbfc725398</uuid>
                            <key>imagerot</key>
                                <real>0</real>
                            <key>media_flags</key>
                                <integer>0</integer>
                            <key>offsets</key>
                                <real>0</real>
                            <key>offsett</key>
                                <real>0</real>
                            <key>scales</key>
                                <real>1</real>
                            <key>scalet</key>
                                <real>1</real>
                            </map>
                            <map>
                            <key>bump</key>
                                <integer>0</integer>
                            <key>colors</key>
                                <array>
                                    <real>1</real>
                                    <real>1</real>
                                    <real>1</real>
                                    <real>1</real>
                                </array>
                            <key>fullbright</key>
                                <integer>0</integer>
                            <key>glow</key>
                                <real>0</real>
                            <key>imageid</key>
                                <uuid>903b0488-d024-44d3-a024-1cbbfc725398</uuid>
                            <key>imagerot</key>
                                <real>0</real>
                            <key>media_flags</key>
                                <integer>0</integer>
                            <key>offsets</key>
                                <real>0</real>
                            <key>offsett</key>
                                <real>0</real>
                            <key>scales</key>
                                <real>1</real>
                            <key>scalet</key>
                                <real>1</real>
                            </map>
                            <map>
                            <key>bump</key>
                                <integer>0</integer>
                            <key>colors</key>
                                <array>
                                    <real>1</real>
                                    <real>1</real>
                                    <real>1</real>
                                    <real>1</real>
                                </array>
                            <key>fullbright</key>
                                <integer>0</integer>
                            <key>glow</key>
                                <real>0</real>
                            <key>imageid</key>
                                <uuid>903b0488-d024-44d3-a024-1cbbfc725398</uuid>
                            <key>imagerot</key>
                                <real>0</real>
                            <key>media_flags</key>
                                <integer>0</integer>
                            <key>offsets</key>
                                <real>0</real>
                            <key>offsett</key>
                                <real>0</real>
                            <key>scales</key>
                                <real>1</real>
                            <key>scalet</key>
                                <real>1</real>
                            </map>
                        </array>
                    <key>volume</key>
                        <map>
                        <key>path</key>
                            <map>
                            <key>begin</key>
                                <real>0</real>
                            <key>curve</key>
                                <integer>16</integer>
                            <key>end</key>
                                <real>1</real>
                            <key>radius_offset</key>
                                <real>0</real>
                            <key>revolutions</key>
                                <real>1</real>
                            <key>scale_x</key>
                                <real>1</real>
                            <key>scale_y</key>
                                <real>1</real>
                            <key>shear_x</key>
                                <real>0</real>
                            <key>shear_y</key>
                                <real>0</real>
                            <key>skew</key>
                                <real>0</real>
                            <key>taper_x</key>
                                <real>0</real>
                            <key>taper_y</key>
                                <real>0</real>
                            <key>twist</key>
                                <real>0</real>
                            <key>twist_begin</key>
                                <real>0</real>
                            </map>
                        <key>profile</key>
                            <map>
                            <key>begin</key>
                                <real>0</real>
                            <key>curve</key>
                                <integer>1</integer>
                            <key>end</key>
                                <real>1</real>
                            <key>hollow</key>
                                <real>0</real>
                            </map>
                        </map>
                    </map>
                <key>1965272918</key>
                    <map>
                    <key>parent</key>
                        <string>1965272914</string>
                    <key>phantom</key>
                        <integer>0</integer>
                    <key>physical</key>
                        <integer>0</integer>
                    <key>position</key>
                        <array>
                            <real>0.078241348266601563</real>
                            <real>-0.35736083984375</real>
                            <real>-0.052852630615234375</real>
                        </array>
                    <key>rotation</key>
                        <array>
                            <real>0.5</real>
                            <real>0.49999997019767761</real>
                            <real>-0.5</real>
                            <real>0.5</real>
                        </array>
                    <key>scale</key>
                        <array>
                            <real>0.63999998569488525</real>
                            <real>0.22066217660903931</real>
                            <real>0.10000000149011612</real>
                        </array>
                    <key>shadows</key>
                        <integer>0</integer>
                    <key>textures</key>
                        <array>
                            <map>
                            <key>bump</key>
                                <integer>0</integer>
                            <key>colors</key>
                                <array>
                                    <real>1</real>
                                    <real>1</real>
                                    <real>1</real>
                                    <real>1</real>
                                </array>
                            <key>fullbright</key>
                                <integer>0</integer>
                            <key>glow</key>
                                <real>0</real>
                            <key>imageid</key>
                                <uuid>10ea0202-a40a-4a7e-a059-3c521c7830e7</uuid>
                            <key>imagerot</key>
                                <real>0</real>
                            <key>media_flags</key>
                                <integer>0</integer>
                            <key>offsets</key>
                                <real>0</real>
                            <key>offsett</key>
                                <real>0</real>
                            <key>scales</key>
                                <real>1</real>
                            <key>scalet</key>
                                <real>1</real>
                            </map>
                            <map>
                            <key>bump</key>
                                <integer>0</integer>
                            <key>colors</key>
                                <array>
                                    <real>1</real>
                                    <real>1</real>
                                    <real>1</real>
                                    <real>1</real>
                                </array>
                            <key>fullbright</key>
                                <integer>0</integer>
                            <key>glow</key>
                                <real>0</real>
                            <key>imageid</key>
                                <uuid>10ea0202-a40a-4a7e-a059-3c521c7830e7</uuid>
                            <key>imagerot</key>
                                <real>0</real>
                            <key>media_flags</key>
                                <integer>0</integer>
                            <key>offsets</key>
                                <real>0</real>
                            <key>offsett</key>
                                <real>0</real>
                            <key>scales</key>
                                <real>1</real>
                            <key>scalet</key>
                                <real>1</real>
                            </map>
                            <map>
                            <key>bump</key>
                                <integer>0</integer>
                            <key>colors</key>
                                <array>
                                    <real>1</real>
                                    <real>1</real>
                                    <real>1</real>
                                    <real>1</real>
                                </array>
                            <key>fullbright</key>
                                <integer>0</integer>
                            <key>glow</key>
                                <real>0</real>
                            <key>imageid</key>
                                <uuid>10ea0202-a40a-4a7e-a059-3c521c7830e7</uuid>
                            <key>imagerot</key>
                                <real>0</real>
                            <key>media_flags</key>
                                <integer>0</integer>
                            <key>offsets</key>
                                <real>0</real>
                            <key>offsett</key>
                                <real>0</real>
                            <key>scales</key>
                                <real>1</real>
                            <key>scalet</key>
                                <real>1</real>
                            </map>
                            <map>
                            <key>bump</key>
                                <integer>0</integer>
                            <key>colors</key>
                                <array>
                                    <real>1</real>
                                    <real>1</real>
                                    <real>1</real>
                                    <real>1</real>
                                </array>
                            <key>fullbright</key>
                                <integer>0</integer>
                            <key>glow</key>
                                <real>0</real>
                            <key>imageid</key>
                                <uuid>10ea0202-a40a-4a7e-a059-3c521c7830e7</uuid>
                            <key>imagerot</key>
                                <real>0</real>
                            <key>media_flags</key>
                                <integer>0</integer>
                            <key>offsets</key>
                                <real>0</real>
                            <key>offsett</key>
                                <real>0</real>
                            <key>scales</key>
                                <real>1</real>
                            <key>scalet</key>
                                <real>1</real>
                            </map>
                            <map>
                            <key>bump</key>
                                <integer>0</integer>
                            <key>colors</key>
                                <array>
                                    <real>1</real>
                                    <real>1</real>
                                    <real>1</real>
                                    <real>1</real>
                                </array>
                            <key>fullbright</key>
                                <integer>0</integer>
                            <key>glow</key>
                                <real>0</real>
                            <key>imageid</key>
                                <uuid>10ea0202-a40a-4a7e-a059-3c521c7830e7</uuid>
                            <key>imagerot</key>
                                <real>0</real>
                            <key>media_flags</key>
                                <integer>0</integer>
                            <key>offsets</key>
                                <real>0</real>
                            <key>offsett</key>
                                <real>0</real>
                            <key>scales</key>
                                <real>1</real>
                            <key>scalet</key>
                                <real>1</real>
                            </map>
                            <map>
                            <key>bump</key>
                                <integer>0</integer>
                            <key>colors</key>
                                <array>
                                    <real>1</real>
                                    <real>1</real>
                                    <real>1</real>
                                    <real>1</real>
                                </array>
                            <key>fullbright</key>
                                <integer>0</integer>
                            <key>glow</key>
                                <real>0</real>
                            <key>imageid</key>
                                <uuid>10ea0202-a40a-4a7e-a059-3c521c7830e7</uuid>
                            <key>imagerot</key>
                                <real>0</real>
                            <key>media_flags</key>
                                <integer>0</integer>
                            <key>offsets</key>
                                <real>0</real>
                            <key>offsett</key>
                                <real>0</real>
                            <key>scales</key>
                                <real>1</real>
                            <key>scalet</key>
                                <real>1</real>
                            </map>
                            <map>
                            <key>bump</key>
                                <integer>0</integer>
                            <key>colors</key>
                                <array>
                                    <real>1</real>
                                    <real>1</real>
                                    <real>1</real>
                                    <real>1</real>
                                </array>
                            <key>fullbright</key>
                                <integer>0</integer>
                            <key>glow</key>
                                <real>0</real>
                            <key>imageid</key>
                                <uuid>10ea0202-a40a-4a7e-a059-3c521c7830e7</uuid>
                            <key>imagerot</key>
                                <real>0</real>
                            <key>media_flags</key>
                                <integer>0</integer>
                            <key>offsets</key>
                                <real>0</real>
                            <key>offsett</key>
                                <real>0</real>
                            <key>scales</key>
                                <real>1</real>
                            <key>scalet</key>
                                <real>1</real>
                            </map>
                        </array>
                    <key>volume</key>
                        <map>
                        <key>path</key>
                            <map>
                            <key>begin</key>
                                <real>0</real>
                            <key>curve</key>
                                <integer>16</integer>
                            <key>end</key>
                                <real>1</real>
                            <key>radius_offset</key>
                                <real>0</real>
                            <key>revolutions</key>
                                <real>1</real>
                            <key>scale_x</key>
                                <real>1</real>
                            <key>scale_y</key>
                                <real>1</real>
                            <key>shear_x</key>
                                <real>0</real>
                            <key>shear_y</key>
                                <real>0</real>
                            <key>skew</key>
                                <real>0</real>
                            <key>taper_x</key>
                                <real>0</real>
                            <key>taper_y</key>
                                <real>0</real>
                            <key>twist</key>
                                <real>0</real>
                            <key>twist_begin</key>
                                <real>0</real>
                            </map>
                        <key>profile</key>
                            <map>
                            <key>begin</key>
                                <real>0</real>
                            <key>curve</key>
                                <integer>1</integer>
                            <key>end</key>
                                <real>1</real>
                            <key>hollow</key>
                                <real>0.79997998476028442</real>
                            </map>
                        </map>
                    </map>
                <key>1965272924</key>
                    <map>
                    <key>parent</key>
                        <string>1965272914</string>
                    <key>phantom</key>
                        <integer>0</integer>
                    <key>physical</key>
                        <integer>0</integer>
                    <key>position</key>
                        <array>
                            <real>-0.39878082275390625</real>
                            <real>-0.35736083984375</real>
                            <real>-0.052852630615234375</real>
                        </array>
                    <key>rotation</key>
                        <array>
                            <real>0.5</real>
                            <real>0.49999997019767761</real>
                            <real>-0.5</real>
                            <real>0.5</real>
                        </array>
                    <key>scale</key>
                        <array>
                            <real>0.63999998569488525</real>
                            <real>0.67478477954864502</real>
                            <real>0.10000000149011612</real>
                        </array>
                    <key>shadows</key>
                        <integer>0</integer>
                    <key>textures</key>
                        <array>
                            <map>
                            <key>bump</key>
                                <integer>0</integer>
                            <key>colors</key>
                                <array>
                                    <real>1</real>
                                    <real>1</real>
                                    <real>1</real>
                                    <real>1</real>
                                </array>
                            <key>fullbright</key>
                                <integer>0</integer>
                            <key>glow</key>
                                <real>0</real>
                            <key>imageid</key>
                                <uuid>10ea0202-a40a-4a7e-a059-3c521c7830e7</uuid>
                            <key>imagerot</key>
                                <real>0</real>
                            <key>media_flags</key>
                                <integer>0</integer>
                            <key>offsets</key>
                                <real>0</real>
                            <key>offsett</key>
                                <real>0</real>
                            <key>scales</key>
                                <real>1</real>
                            <key>scalet</key>
                                <real>1</real>
                            </map>
                            <map>
                            <key>bump</key>
                                <integer>0</integer>
                            <key>colors</key>
                                <array>
                                    <real>1</real>
                                    <real>1</real>
                                    <real>1</real>
                                    <real>1</real>
                                </array>
                            <key>fullbright</key>
                                <integer>0</integer>
                            <key>glow</key>
                                <real>0</real>
                            <key>imageid</key>
                                <uuid>10ea0202-a40a-4a7e-a059-3c521c7830e7</uuid>
                            <key>imagerot</key>
                                <real>0</real>
                            <key>media_flags</key>
                                <integer>0</integer>
                            <key>offsets</key>
                                <real>0</real>
                            <key>offsett</key>
                                <real>0</real>
                            <key>scales</key>
                                <real>1</real>
                            <key>scalet</key>
                                <real>1</real>
                            </map>
                            <map>
                            <key>bump</key>
                                <integer>0</integer>
                            <key>colors</key>
                                <array>
                                    <real>1</real>
                                    <real>1</real>
                                    <real>1</real>
                                    <real>1</real>
                                </array>
                            <key>fullbright</key>
                                <integer>0</integer>
                            <key>glow</key>
                                <real>0</real>
                            <key>imageid</key>
                                <uuid>10ea0202-a40a-4a7e-a059-3c521c7830e7</uuid>
                            <key>imagerot</key>
                                <real>0</real>
                            <key>media_flags</key>
                                <integer>0</integer>
                            <key>offsets</key>
                                <real>0</real>
                            <key>offsett</key>
                                <real>0</real>
                            <key>scales</key>
                                <real>1</real>
                            <key>scalet</key>
                                <real>1</real>
                            </map>
                            <map>
                            <key>bump</key>
                                <integer>0</integer>
                            <key>colors</key>
                                <array>
                                    <real>1</real>
                                    <real>1</real>
                                    <real>1</real>
                                    <real>1</real>
                                </array>
                            <key>fullbright</key>
                                <integer>0</integer>
                            <key>glow</key>
                                <real>0</real>
                            <key>imageid</key>
                                <uuid>10ea0202-a40a-4a7e-a059-3c521c7830e7</uuid>
                            <key>imagerot</key>
                                <real>0</real>
                            <key>media_flags</key>
                                <integer>0</integer>
                            <key>offsets</key>
                                <real>0</real>
                            <key>offsett</key>
                                <real>0</real>
                            <key>scales</key>
                                <real>1</real>
                            <key>scalet</key>
                                <real>1</real>
                            </map>
                            <map>
                            <key>bump</key>
                                <integer>0</integer>
                            <key>colors</key>
                                <array>
                                    <real>1</real>
                                    <real>1</real>
                                    <real>1</real>
                                    <real>1</real>
                                </array>
                            <key>fullbright</key>
                                <integer>0</integer>
                            <key>glow</key>
                                <real>0</real>
                            <key>imageid</key>
                                <uuid>10ea0202-a40a-4a7e-a059-3c521c7830e7</uuid>
                            <key>imagerot</key>
                                <real>0</real>
                            <key>media_flags</key>
                                <integer>0</integer>
                            <key>offsets</key>
                                <real>0</real>
                            <key>offsett</key>
                                <real>0</real>
                            <key>scales</key>
                                <real>1</real>
                            <key>scalet</key>
                                <real>1</real>
                            </map>
                            <map>
                            <key>bump</key>
                                <integer>0</integer>
                            <key>colors</key>
                                <array>
                                    <real>1</real>
                                    <real>1</real>
                                    <real>1</real>
                                    <real>1</real>
                                </array>
                            <key>fullbright</key>
                                <integer>0</integer>
                            <key>glow</key>
                                <real>0</real>
                            <key>imageid</key>
                                <uuid>10ea0202-a40a-4a7e-a059-3c521c7830e7</uuid>
                            <key>imagerot</key>
                                <real>0</real>
                            <key>media_flags</key>
                                <integer>0</integer>
                            <key>offsets</key>
                                <real>0</real>
                            <key>offsett</key>
                                <real>0</real>
                            <key>scales</key>
                                <real>1</real>
                            <key>scalet</key>
                                <real>1</real>
                            </map>
                            <map>
                            <key>bump</key>
                                <integer>0</integer>
                            <key>colors</key>
                                <array>
                                    <real>1</real>
                                    <real>1</real>
                                    <real>1</real>
                                    <real>1</real>
                                </array>
                            <key>fullbright</key>
                                <integer>0</integer>
                            <key>glow</key>
                                <real>0</real>
                            <key>imageid</key>
                                <uuid>10ea0202-a40a-4a7e-a059-3c521c7830e7</uuid>
                            <key>imagerot</key>
                                <real>0</real>
                            <key>media_flags</key>
                                <integer>0</integer>
                            <key>offsets</key>
                                <real>0</real>
                            <key>offsett</key>
                                <real>0</real>
                            <key>scales</key>
                                <real>1</real>
                            <key>scalet</key>
                                <real>1</real>
                            </map>
                        </array>
                    <key>volume</key>
                        <map>
                        <key>path</key>
                            <map>
                            <key>begin</key>
                                <real>0</real>
                            <key>curve</key>
                                <integer>16</integer>
                            <key>end</key>
                                <real>1</real>
                            <key>radius_offset</key>
                                <real>0</real>
                            <key>revolutions</key>
                                <real>1</real>
                            <key>scale_x</key>
                                <real>1</real>
                            <key>scale_y</key>
                                <real>1</real>
                            <key>shear_x</key>
                                <real>0</real>
                            <key>shear_y</key>
                                <real>0</real>
                            <key>skew</key>
                                <real>0</real>
                            <key>taper_x</key>
                                <real>0</real>
                            <key>taper_y</key>
                                <real>0</real>
                            <key>twist</key>
                                <real>0</real>
                            <key>twist_begin</key>
                                <real>0</real>
                            </map>
                        <key>profile</key>
                            <map>
                            <key>begin</key>
                                <real>0</real>
                            <key>curve</key>
                                <integer>1</integer>
                            <key>end</key>
                                <real>1</real>
                            <key>hollow</key>
                                <real>0.79997998476028442</real>
                            </map>
                        </map>
                    </map>
                <key>1965272927</key>
                    <map>
                    <key>parent</key>
                        <string>1965272914</string>
                    <key>phantom</key>
                        <integer>0</integer>
                    <key>physical</key>
                        <integer>0</integer>
                    <key>position</key>
                        <array>
                            <real>0.44827648997306824</real>
                            <real>0.00035858154296875</real>
                            <real>-0.34260177612304688</real>
                        </array>
                    <key>rotation</key>
                        <array>
                            <real>-0.70686459541320801</real>
                            <real>-0.70686435699462891</real>
                            <real>0.01850992813706398</real>
                            <real>0.018509659916162491</real>
                        </array>
                    <key>scale</key>
                        <array>
                            <real>0.61172544956207275</real>
                            <real>0.89141261577606201</real>
                            <real>0.10000000149011612</real>
                        </array>
                    <key>shadows</key>
                        <integer>0</integer>
                    <key>textures</key>
                        <array>
                            <map>
                            <key>bump</key>
                                <integer>0</integer>
                            <key>colors</key>
                                <array>
                                    <real>1</real>
                                    <real>1</real>
                                    <real>1</real>
                                    <real>1</real>
                                </array>
                            <key>fullbright</key>
                                <integer>0</integer>
                            <key>glow</key>
                                <real>0</real>
                            <key>imageid</key>
                                <uuid>10ea0202-a40a-4a7e-a059-3c521c7830e7</uuid>
                            <key>imagerot</key>
                                <real>0</real>
                            <key>media_flags</key>
                                <integer>0</integer>
                            <key>offsets</key>
                                <real>0</real>
                            <key>offsett</key>
                                <real>0</real>
                            <key>scales</key>
                                <real>1</real>
                            <key>scalet</key>
                                <real>1</real>
                            </map>
                            <map>
                            <key>bump</key>
                                <integer>0</integer>
                            <key>colors</key>
                                <array>
                                    <real>1</real>
                                    <real>1</real>
                                    <real>1</real>
                                    <real>1</real>
                                </array>
                            <key>fullbright</key>
                                <integer>0</integer>
                            <key>glow</key>
                                <real>0</real>
                            <key>imageid</key>
                                <uuid>10ea0202-a40a-4a7e-a059-3c521c7830e7</uuid>
                            <key>imagerot</key>
                                <real>0</real>
                            <key>media_flags</key>
                                <integer>0</integer>
                            <key>offsets</key>
                                <real>0</real>
                            <key>offsett</key>
                                <real>0</real>
                            <key>scales</key>
                                <real>1</real>
                            <key>scalet</key>
                                <real>1</real>
                            </map>
                            <map>
                            <key>bump</key>
                                <integer>0</integer>
                            <key>colors</key>
                                <array>
                                    <real>1</real>
                                    <real>1</real>
                                    <real>1</real>
                                    <real>1</real>
                                </array>
                            <key>fullbright</key>
                                <integer>0</integer>
                            <key>glow</key>
                                <real>0</real>
                            <key>imageid</key>
                                <uuid>10ea0202-a40a-4a7e-a059-3c521c7830e7</uuid>
                            <key>imagerot</key>
                                <real>0</real>
                            <key>media_flags</key>
                                <integer>0</integer>
                            <key>offsets</key>
                                <real>0</real>
                            <key>offsett</key>
                                <real>0</real>
                            <key>scales</key>
                                <real>1</real>
                            <key>scalet</key>
                                <real>1</real>
                            </map>
                            <map>
                            <key>bump</key>
                                <integer>0</integer>
                            <key>colors</key>
                                <array>
                                    <real>1</real>
                                    <real>1</real>
                                    <real>1</real>
                                    <real>1</real>
                                </array>
                            <key>fullbright</key>
                                <integer>0</integer>
                            <key>glow</key>
                                <real>0</real>
                            <key>imageid</key>
                                <uuid>10ea0202-a40a-4a7e-a059-3c521c7830e7</uuid>
                            <key>imagerot</key>
                                <real>0</real>
                            <key>media_flags</key>
                                <integer>0</integer>
                            <key>offsets</key>
                                <real>0</real>
                            <key>offsett</key>
                                <real>0</real>
                            <key>scales</key>
                                <real>1</real>
                            <key>scalet</key>
                                <real>1</real>
                            </map>
                            <map>
                            <key>bump</key>
                                <integer>0</integer>
                            <key>colors</key>
                                <array>
                                    <real>1</real>
                                    <real>1</real>
                                    <real>1</real>
                                    <real>1</real>
                                </array>
                            <key>fullbright</key>
                                <integer>0</integer>
                            <key>glow</key>
                                <real>0</real>
                            <key>imageid</key>
                                <uuid>10ea0202-a40a-4a7e-a059-3c521c7830e7</uuid>
                            <key>imagerot</key>
                                <real>0</real>
                            <key>media_flags</key>
                                <integer>0</integer>
                            <key>offsets</key>
                                <real>0</real>
                            <key>offsett</key>
                                <real>0</real>
                            <key>scales</key>
                                <real>1</real>
                            <key>scalet</key>
                                <real>1</real>
                            </map>
                            <map>
                            <key>bump</key>
                                <integer>0</integer>
                            <key>colors</key>
                                <array>
                                    <real>1</real>
                                    <real>1</real>
                                    <real>1</real>
                                    <real>1</real>
                                </array>
                            <key>fullbright</key>
                                <integer>0</integer>
                            <key>glow</key>
                                <real>0</real>
                            <key>imageid</key>
                                <uuid>10ea0202-a40a-4a7e-a059-3c521c7830e7</uuid>
                            <key>imagerot</key>
                                <real>0</real>
                            <key>media_flags</key>
                                <integer>0</integer>
                            <key>offsets</key>
                                <real>0</real>
                            <key>offsett</key>
                                <real>0</real>
                            <key>scales</key>
                                <real>1</real>
                            <key>scalet</key>
                                <real>1</real>
                            </map>
                            <map>
                            <key>bump</key>
                                <integer>0</integer>
                            <key>colors</key>
                                <array>
                                    <real>1</real>
                                    <real>1</real>
                                    <real>1</real>
                                    <real>1</real>
                                </array>
                            <key>fullbright</key>
                                <integer>0</integer>
                            <key>glow</key>
                                <real>0</real>
                            <key>imageid</key>
                                <uuid>10ea0202-a40a-4a7e-a059-3c521c7830e7</uuid>
                            <key>imagerot</key>
                                <real>0</real>
                            <key>media_flags</key>
                                <integer>0</integer>
                            <key>offsets</key>
                                <real>0</real>
                            <key>offsett</key>
                                <real>0</real>
                            <key>scales</key>
                                <real>1</real>
                            <key>scalet</key>
                                <real>1</real>
                            </map>
                        </array>
                    <key>volume</key>
                        <map>
                        <key>path</key>
                            <map>
                            <key>begin</key>
                                <real>0</real>
                            <key>curve</key>
                                <integer>16</integer>
                            <key>end</key>
                                <real>1</real>
                            <key>radius_offset</key>
                                <real>0</real>
                            <key>revolutions</key>
                                <real>1</real>
                            <key>scale_x</key>
                                <real>1</real>
                            <key>scale_y</key>
                                <real>1</real>
                            <key>shear_x</key>
                                <real>0</real>
                            <key>shear_y</key>
                                <real>0</real>
                            <key>skew</key>
                                <real>0</real>
                            <key>taper_x</key>
                                <real>0</real>
                            <key>taper_y</key>
                                <real>0</real>
                            <key>twist</key>
                                <real>0</real>
                            <key>twist_begin</key>
                                <real>0</real>
                            </map>
                        <key>profile</key>
                            <map>
                            <key>begin</key>
                                <real>0</real>
                            <key>curve</key>
                                <integer>1</integer>
                            <key>end</key>
                                <real>1</real>
                            <key>hollow</key>
                                <real>0.79997998476028442</real>
                            </map>
                        </map>
                    </map>
                <key>1965272928</key>
                    <map>
                    <key>parent</key>
                        <string>1965272914</string>
                    <key>phantom</key>
                        <integer>0</integer>
                    <key>physical</key>
                        <integer>0</integer>
                    <key>position</key>
                        <array>
                            <real>-0.038669586181640625</real>
                            <real>0.0037612912710756063</real>
                            <real>-0.05315399169921875</real>
                        </array>
                    <key>rotation</key>
                        <array>
                            <real>0</real>
                            <real>0.7071068286895752</real>
                            <real>0</real>
                            <real>0.7071068286895752</real>
                        </array>
                    <key>scale</key>
                        <array>
                            <real>0.69999998807907104</real>
                            <real>0.86500090360641479</real>
                            <real>0.10000000149011612</real>
                        </array>
                    <key>shadows</key>
                        <integer>0</integer>
                    <key>textures</key>
                        <array>
                            <map>
                            <key>bump</key>
                                <integer>0</integer>
                            <key>colors</key>
                                <array>
                                    <real>1</real>
                                    <real>1</real>
                                    <real>1</real>
                                    <real>1</real>
                                </array>
                            <key>fullbright</key>
                                <integer>0</integer>
                            <key>glow</key>
                                <real>0</real>
                            <key>imageid</key>
                                <uuid>10ea0202-a40a-4a7e-a059-3c521c7830e7</uuid>
                            <key>imagerot</key>
                                <real>0</real>
                            <key>media_flags</key>
                                <integer>0</integer>
                            <key>offsets</key>
                                <real>0</real>
                            <key>offsett</key>
                                <real>0</real>
                            <key>scales</key>
                                <real>1</real>
                            <key>scalet</key>
                                <real>1</real>
                            </map>
                            <map>
                            <key>bump</key>
                                <integer>0</integer>
                            <key>colors</key>
                                <array>
                                    <real>1</real>
                                    <real>1</real>
                                    <real>1</real>
                                    <real>1</real>
                                </array>
                            <key>fullbright</key>
                                <integer>0</integer>
                            <key>glow</key>
                                <real>0</real>
                            <key>imageid</key>
                                <uuid>10ea0202-a40a-4a7e-a059-3c521c7830e7</uuid>
                            <key>imagerot</key>
                                <real>0</real>
                            <key>media_flags</key>
                                <integer>0</integer>
                            <key>offsets</key>
                                <real>0</real>
                            <key>offsett</key>
                                <real>0</real>
                            <key>scales</key>
                                <real>1</real>
                            <key>scalet</key>
                                <real>1</real>
                            </map>
                            <map>
                            <key>bump</key>
                                <integer>0</integer>
                            <key>colors</key>
                                <array>
                                    <real>1</real>
                                    <real>1</real>
                                    <real>1</real>
                                    <real>1</real>
                                </array>
                            <key>fullbright</key>
                                <integer>0</integer>
                            <key>glow</key>
                                <real>0</real>
                            <key>imageid</key>
                                <uuid>10ea0202-a40a-4a7e-a059-3c521c7830e7</uuid>
                            <key>imagerot</key>
                                <real>0</real>
                            <key>media_flags</key>
                                <integer>0</integer>
                            <key>offsets</key>
                                <real>0</real>
                            <key>offsett</key>
                                <real>0</real>
                            <key>scales</key>
                                <real>1</real>
                            <key>scalet</key>
                                <real>1</real>
                            </map>
                            <map>
                            <key>bump</key>
                                <integer>0</integer>
                            <key>colors</key>
                                <array>
                                    <real>1</real>
                                    <real>1</real>
                                    <real>1</real>
                                    <real>1</real>
                                </array>
                            <key>fullbright</key>
                                <integer>0</integer>
                            <key>glow</key>
                                <real>0</real>
                            <key>imageid</key>
                                <uuid>10ea0202-a40a-4a7e-a059-3c521c7830e7</uuid>
                            <key>imagerot</key>
                                <real>0</real>
                            <key>media_flags</key>
                                <integer>0</integer>
                            <key>offsets</key>
                                <real>0</real>
                            <key>offsett</key>
                                <real>0</real>
                            <key>scales</key>
                                <real>1</real>
                            <key>scalet</key>
                                <real>1</real>
                            </map>
                            <map>
                            <key>bump</key>
                                <integer>0</integer>
                            <key>colors</key>
                                <array>
                                    <real>1</real>
                                    <real>1</real>
                                    <real>1</real>
                                    <real>1</real>
                                </array>
                            <key>fullbright</key>
                                <integer>0</integer>
                            <key>glow</key>
                                <real>0</real>
                            <key>imageid</key>
                                <uuid>10ea0202-a40a-4a7e-a059-3c521c7830e7</uuid>
                            <key>imagerot</key>
                                <real>0</real>
                            <key>media_flags</key>
                                <integer>0</integer>
                            <key>offsets</key>
                                <real>0</real>
                            <key>offsett</key>
                                <real>0</real>
                            <key>scales</key>
                                <real>1</real>
                            <key>scalet</key>
                                <real>1</real>
                            </map>
                            <map>
                            <key>bump</key>
                                <integer>0</integer>
                            <key>colors</key>
                                <array>
                                    <real>1</real>
                                    <real>1</real>
                                    <real>1</real>
                                    <real>1</real>
                                </array>
                            <key>fullbright</key>
                                <integer>0</integer>
                            <key>glow</key>
                                <real>0</real>
                            <key>imageid</key>
                                <uuid>10ea0202-a40a-4a7e-a059-3c521c7830e7</uuid>
                            <key>imagerot</key>
                                <real>0</real>
                            <key>media_flags</key>
                                <integer>0</integer>
                            <key>offsets</key>
                                <real>0</real>
                            <key>offsett</key>
                                <real>0</real>
                            <key>scales</key>
                                <real>1</real>
                            <key>scalet</key>
                                <real>1</real>
                            </map>
                        </array>
                    <key>volume</key>
                        <map>
                        <key>path</key>
                            <map>
                            <key>begin</key>
                                <real>0</real>
                            <key>curve</key>
                                <integer>16</integer>
                            <key>end</key>
                                <real>1</real>
                            <key>radius_offset</key>
                                <real>0</real>
                            <key>revolutions</key>
                                <real>1</real>
                            <key>scale_x</key>
                                <real>1</real>
                            <key>scale_y</key>
                                <real>1</real>
                            <key>shear_x</key>
                                <real>0</real>
                            <key>shear_y</key>
                                <real>0</real>
                            <key>skew</key>
                                <real>0</real>
                            <key>taper_x</key>
                                <real>0</real>
                            <key>taper_y</key>
                                <real>0</real>
                            <key>twist</key>
                                <real>0</real>
                            <key>twist_begin</key>
                                <real>0</real>
                            </map>
                        <key>profile</key>
                            <map>
                            <key>begin</key>
                                <real>0</real>
                            <key>curve</key>
                                <integer>1</integer>
                            <key>end</key>
                                <real>1</real>
                            <key>hollow</key>
                                <real>0</real>
                            </map>
                        </map>
                    </map>
                </map>
            <key>root_position</key>
                <array>
                    <real>33.116371154785156</real>
                    <real>99.917243957519531</real>
                    <real>23.221704483032227</real>
                </array>
            <key>root_rotation</key>
                <array>
                    <real>-0</real>
                    <real>-0.7071068286895752</real>
                    <real>-0</real>
                    <real>0.7071068286895752</real>
                </array>
            </map>
        </array>
    </map>
</llsd>
