<llsd>
    <map>
    <key>data</key>
        <array>
            <map>
            <key>group_body</key>
                <map>
                <key>1868845841</key>
                    <map>
                    <key>phantom</key>
                        <integer>1</integer>
                    <key>physical</key>
                        <integer>0</integer>
                    <key>position</key>
                        <array>
                            <real>184.78269958496094</real>
                            <real>229.55009460449219</real>
                            <real>23.290689468383789</real>
                        </array>
                    <key>rotation</key>
                        <array>
                            <real>-0.70327764749526978</real>
                            <real>-0.073945038020610809</real>
                            <real>0.073880128562450409</real>
                            <real>0.70318883657455444</real>
                        </array>
                    <key>scale</key>
                        <array>
                            <real>3.7446949481964111</real>
                            <real>3.7446949481964111</real>
                            <real>3.7446949481964111</real>
                        </array>
                    <key>sculpt</key>
                        <map>
                        <key>texture</key>
                            <uuid>775d782f-7541-4559-b157-b3b520ba6be6</uuid>
                        <key>type</key>
                            <integer>0</integer>
                        </map>
                    <key>shadows</key>
                        <integer>0</integer>
                    <key>textures</key>
                        <array>
                            <map>
                            <key>bump</key>
                                <integer>64</integer>
                            <key>colors</key>
                                <array>
                                    <real>0.75686275959014893</real>
                                    <real>0.69019609689712524</real>
                                    <real>0.64705884456634521</real>
                                    <real>1</real>
                                </array>
                            <key>fullbright</key>
                                <integer>0</integer>
                            <key>glow</key>
                                <real>0</real>
                            <key>imageid</key>
                                <uuid>38b9e4df-f1a1-49c1-bebf-3f0a2a579273</uuid>
                            <key>imagerot</key>
                                <real>0</real>
                            <key>media_flags</key>
                                <integer>0</integer>
                            <key>offsets</key>
                                <real>0.5000152587890625</real>
                            <key>offsett</key>
                                <real>0.5000152587890625</real>
                            <key>scales</key>
                                <real>256</real>
                            <key>scalet</key>
                                <real>4</real>
                            </map>
                        </array>
                    <key>volume</key>
                        <map>
                        <key>path</key>
                            <map>
                            <key>begin</key>
                                <real>0</real>
                            <key>curve</key>
                                <integer>32</integer>
                            <key>end</key>
                                <real>1</real>
                            <key>radius_offset</key>
                                <real>0</real>
                            <key>revolutions</key>
                                <real>1</real>
                            <key>scale_x</key>
                                <real>1</real>
                            <key>scale_y</key>
                                <real>0.5</real>
                            <key>shear_x</key>
                                <real>0</real>
                            <key>shear_y</key>
                                <real>0</real>
                            <key>skew</key>
                                <real>0</real>
                            <key>taper_x</key>
                                <real>0</real>
                            <key>taper_y</key>
                                <real>0</real>
                            <key>twist</key>
                                <real>0</real>
                            <key>twist_begin</key>
                                <real>0</real>
                            </map>
                        <key>profile</key>
                            <map>
                            <key>begin</key>
                                <real>0</real>
                            <key>curve</key>
                                <integer>0</integer>
                            <key>end</key>
                                <real>1</real>
                            <key>hollow</key>
                                <real>0</real>
                            </map>
                        </map>
                    </map>
                <key>1868845842</key>
                    <map>
                    <key>parent</key>
                        <string>1868845841</string>
                    <key>phantom</key>
                        <integer>1</integer>
                    <key>physical</key>
                        <integer>0</integer>
                    <key>position</key>
                        <array>
                            <real>0</real>
                            <real>0.00014284880307968706</real>
                            <real>6.1651199700918369e-009</real>
                        </array>
                    <key>rotation</key>
                        <array>
                            <real>0</real>
                            <real>0</real>
                            <real>0</real>
                            <real>1</real>
                        </array>
                    <key>scale</key>
                        <array>
                            <real>3.7446949481964111</real>
                            <real>3.7446949481964111</real>
                            <real>3.7446949481964111</real>
                        </array>
                    <key>sculpt</key>
                        <map>
                        <key>texture</key>
                            <uuid>0b4d2c8e-2ef2-464e-a008-f9aecbe82ed8</uuid>
                        <key>type</key>
                            <integer>0</integer>
                        </map>
                    <key>shadows</key>
                        <integer>0</integer>
                    <key>textures</key>
                        <array>
                            <map>
                            <key>bump</key>
                                <integer>64</integer>
                            <key>colors</key>
                                <array>
                                    <real>0.3960784375667572</real>
                                    <real>0.3960784375667572</real>
                                    <real>0.3960784375667572</real>
                                    <real>1</real>
                                </array>
                            <key>fullbright</key>
                                <integer>0</integer>
                            <key>glow</key>
                                <real>0</real>
                            <key>imageid</key>
                                <uuid>38b9e4df-f1a1-49c1-bebf-3f0a2a579273</uuid>
                            <key>imagerot</key>
                                <real>0</real>
                            <key>media_flags</key>
                                <integer>0</integer>
                            <key>offsets</key>
                                <real>0.5000152587890625</real>
                            <key>offsett</key>
                                <real>0.5000152587890625</real>
                            <key>scales</key>
                                <real>256</real>
                            <key>scalet</key>
                                <real>4</real>
                            </map>
                        </array>
                    <key>volume</key>
                        <map>
                        <key>path</key>
                            <map>
                            <key>begin</key>
                                <real>0</real>
                            <key>curve</key>
                                <integer>32</integer>
                            <key>end</key>
                                <real>1</real>
                            <key>radius_offset</key>
                                <real>0</real>
                            <key>revolutions</key>
                                <real>1</real>
                            <key>scale_x</key>
                                <real>1</real>
                            <key>scale_y</key>
                                <real>0.5</real>
                            <key>shear_x</key>
                                <real>0</real>
                            <key>shear_y</key>
                                <real>0</real>
                            <key>skew</key>
                                <real>0</real>
                            <key>taper_x</key>
                                <real>0</real>
                            <key>taper_y</key>
                                <real>0</real>
                            <key>twist</key>
                                <real>0</real>
                            <key>twist_begin</key>
                                <real>0</real>
                            </map>
                        <key>profile</key>
                            <map>
                            <key>begin</key>
                                <real>0</real>
                            <key>curve</key>
                                <integer>0</integer>
                            <key>end</key>
                                <real>1</real>
                            <key>hollow</key>
                                <real>0</real>
                            </map>
                        </map>
                    </map>
                </map>
            <key>root_position</key>
                <array>
                    <real>184.78269958496094</real>
                    <real>229.55009460449219</real>
                    <real>23.290689468383789</real>
                </array>
            <key>root_rotation</key>
                <array>
                    <real>-0.70327764749526978</real>
                    <real>-0.073945038020610809</real>
                    <real>0.073880128562450409</real>
                    <real>0.70318883657455444</real>
                </array>
            </map>
        </array>
    </map>
</llsd>
