<llsd>
    <map>
    <key>data</key>
        <array>
            <map>
            <key>group_body</key>
                <map>
                <key>1679244276</key>
                    <map>
                    <key>phantom</key>
                        <integer>0</integer>
                    <key>physical</key>
                        <integer>0</integer>
                    <key>position</key>
                        <array>
                            <real>128.8532257080078125</real>
                            <real>62.42699432373046875</real>
                            <real>26.5221538543701171875</real>
                        </array>
                    <key>rotation</key>
                        <array>
                            <real>-0.50000011920928955078125</real>
                            <real>0.50000011920928955078125</real>
                            <real>0.499999940395355224609375</real>
                            <real>0.499999821186065673828125</real>
                        </array>
                    <key>scale</key>
                        <array>
                            <real>3.8073902130126953125</real>
                            <real>1.8104705810546875</real>
                            <real>0.1000000014901161193847656</real>
                        </array>
                    <key>shadows</key>
                        <integer>0</integer>
                    <key>textures</key>
                        <array>
                            <map>
                            <key>bump</key>
                                <integer>64</integer>
                            <key>colors</key>
                                <array>
                                    <real>0.4000000059604644775390625</real>
                                    <real>0.2000000029802322387695312</real>
                                    <real>0</real>
                                    <real>1</real>
                                </array>
                            <key>fullbright</key>
                                <integer>0</integer>
                            <key>glow</key>
                                <real>0</real>
                            <key>imageid</key>
                                <uuid>fcf98def-5491-4c2f-a408-115ee8415d45</uuid>
                            <key>imagerot</key>
                                <real>0</real>
                            <key>media_flags</key>
                                <integer>0</integer>
                            <key>offsets</key>
                                <real>1</real>
                            <key>offsett</key>
                                <real>1</real>
                            <key>scales</key>
                                <real>1</real>
                            <key>scalet</key>
                                <real>1</real>
                            </map>
                            <map>
                            <key>bump</key>
                                <integer>64</integer>
                            <key>colors</key>
                                <array>
                                    <real>0.4000000059604644775390625</real>
                                    <real>0.2000000029802322387695312</real>
                                    <real>0</real>
                                    <real>1</real>
                                </array>
                            <key>fullbright</key>
                                <integer>0</integer>
                            <key>glow</key>
                                <real>0</real>
                            <key>imageid</key>
                                <uuid>fcf98def-5491-4c2f-a408-115ee8415d45</uuid>
                            <key>imagerot</key>
                                <real>0</real>
                            <key>media_flags</key>
                                <integer>0</integer>
                            <key>offsets</key>
                                <real>1</real>
                            <key>offsett</key>
                                <real>1</real>
                            <key>scales</key>
                                <real>1</real>
                            <key>scalet</key>
                                <real>1</real>
                            </map>
                            <map>
                            <key>bump</key>
                                <integer>64</integer>
                            <key>colors</key>
                                <array>
                                    <real>0.4000000059604644775390625</real>
                                    <real>0.2000000029802322387695312</real>
                                    <real>0</real>
                                    <real>1</real>
                                </array>
                            <key>fullbright</key>
                                <integer>0</integer>
                            <key>glow</key>
                                <real>0</real>
                            <key>imageid</key>
                                <uuid>fcf98def-5491-4c2f-a408-115ee8415d45</uuid>
                            <key>imagerot</key>
                                <real>0</real>
                            <key>media_flags</key>
                                <integer>0</integer>
                            <key>offsets</key>
                                <real>1</real>
                            <key>offsett</key>
                                <real>1</real>
                            <key>scales</key>
                                <real>1</real>
                            <key>scalet</key>
                                <real>1</real>
                            </map>
                            <map>
                            <key>bump</key>
                                <integer>64</integer>
                            <key>colors</key>
                                <array>
                                    <real>0.4000000059604644775390625</real>
                                    <real>0.2000000029802322387695312</real>
                                    <real>0</real>
                                    <real>1</real>
                                </array>
                            <key>fullbright</key>
                                <integer>0</integer>
                            <key>glow</key>
                                <real>0</real>
                            <key>imageid</key>
                                <uuid>fcf98def-5491-4c2f-a408-115ee8415d45</uuid>
                            <key>imagerot</key>
                                <real>0</real>
                            <key>media_flags</key>
                                <integer>0</integer>
                            <key>offsets</key>
                                <real>1</real>
                            <key>offsett</key>
                                <real>1</real>
                            <key>scales</key>
                                <real>1</real>
                            <key>scalet</key>
                                <real>1</real>
                            </map>
                            <map>
                            <key>bump</key>
                                <integer>64</integer>
                            <key>colors</key>
                                <array>
                                    <real>0.4000000059604644775390625</real>
                                    <real>0.2000000029802322387695312</real>
                                    <real>0</real>
                                    <real>1</real>
                                </array>
                            <key>fullbright</key>
                                <integer>0</integer>
                            <key>glow</key>
                                <real>0</real>
                            <key>imageid</key>
                                <uuid>fcf98def-5491-4c2f-a408-115ee8415d45</uuid>
                            <key>imagerot</key>
                                <real>0</real>
                            <key>media_flags</key>
                                <integer>0</integer>
                            <key>offsets</key>
                                <real>1</real>
                            <key>offsett</key>
                                <real>1</real>
                            <key>scales</key>
                                <real>1</real>
                            <key>scalet</key>
                                <real>1</real>
                            </map>
                            <map>
                            <key>bump</key>
                                <integer>64</integer>
                            <key>colors</key>
                                <array>
                                    <real>0.4000000059604644775390625</real>
                                    <real>0.2000000029802322387695312</real>
                                    <real>0</real>
                                    <real>1</real>
                                </array>
                            <key>fullbright</key>
                                <integer>0</integer>
                            <key>glow</key>
                                <real>0</real>
                            <key>imageid</key>
                                <uuid>fcf98def-5491-4c2f-a408-115ee8415d45</uuid>
                            <key>imagerot</key>
                                <real>0</real>
                            <key>media_flags</key>
                                <integer>0</integer>
                            <key>offsets</key>
                                <real>1</real>
                            <key>offsett</key>
                                <real>1</real>
                            <key>scales</key>
                                <real>1</real>
                            <key>scalet</key>
                                <real>1</real>
                            </map>
                            <map>
                            <key>bump</key>
                                <integer>64</integer>
                            <key>colors</key>
                                <array>
                                    <real>0.4000000059604644775390625</real>
                                    <real>0.2000000029802322387695312</real>
                                    <real>0</real>
                                    <real>1</real>
                                </array>
                            <key>fullbright</key>
                                <integer>0</integer>
                            <key>glow</key>
                                <real>0</real>
                            <key>imageid</key>
                                <uuid>fcf98def-5491-4c2f-a408-115ee8415d45</uuid>
                            <key>imagerot</key>
                                <real>0</real>
                            <key>media_flags</key>
                                <integer>0</integer>
                            <key>offsets</key>
                                <real>1</real>
                            <key>offsett</key>
                                <real>1</real>
                            <key>scales</key>
                                <real>1</real>
                            <key>scalet</key>
                                <real>1</real>
                            </map>
                        </array>
                    <key>volume</key>
                        <map>
                        <key>path</key>
                            <map>
                            <key>begin</key>
                                <real>0</real>
                            <key>curve</key>
                                <integer>16</integer>
                            <key>end</key>
                                <real>1</real>
                            <key>radius_offset</key>
                                <real>0</real>
                            <key>revolutions</key>
                                <real>1</real>
                            <key>scale_x</key>
                                <real>1</real>
                            <key>scale_y</key>
                                <real>1</real>
                            <key>shear_x</key>
                                <real>0</real>
                            <key>shear_y</key>
                                <real>0</real>
                            <key>skew</key>
                                <real>0</real>
                            <key>taper_x</key>
                                <real>0</real>
                            <key>taper_y</key>
                                <real>0</real>
                            <key>twist</key>
                                <real>0</real>
                            <key>twist_begin</key>
                                <real>0</real>
                            </map>
                        <key>profile</key>
                            <map>
                            <key>begin</key>
                                <real>0</real>
                            <key>curve</key>
                                <integer>1</integer>
                            <key>end</key>
                                <real>1</real>
                            <key>hollow</key>
                                <real>0.89999997615814208984375</real>
                            </map>
                        </map>
                    </map>
                <key>1679244277</key>
                    <map>
                    <key>parent</key>
                        <string>1679244276</string>
                    <key>phantom</key>
                        <integer>0</integer>
                    <key>physical</key>
                        <integer>0</integer>
                    <key>position</key>
                        <array>
                            <real>1.130771636962890625</real>
                            <real>-1.347985119082295568659902e-07</real>
                            <real>5.391939339460805058479309e-07</real>
                        </array>
                    <key>rotation</key>
                        <array>
                            <real>-0.707106769084930419921875</real>
                            <real>0.707106769084930419921875</real>
                            <real>-2.217656037828419357538223e-05</real>
                            <real>0.000244140625</real>
                        </array>
                    <key>scale</key>
                        <array>
                            <real>1.7500019073486328125</real>
                            <real>0.75</real>
                            <real>0.02999999932944774627685547</real>
                        </array>
                    <key>shadows</key>
                        <integer>0</integer>
                    <key>textures</key>
                        <array>
                            <map>
                            <key>bump</key>
                                <integer>64</integer>
                            <key>colors</key>
                                <array>
                                    <real>0.4000000059604644775390625</real>
                                    <real>0.2000000029802322387695312</real>
                                    <real>0</real>
                                    <real>1</real>
                                </array>
                            <key>fullbright</key>
                                <integer>0</integer>
                            <key>glow</key>
                                <real>0</real>
                            <key>imageid</key>
                                <uuid>fcf98def-5491-4c2f-a408-115ee8415d45</uuid>
                            <key>imagerot</key>
                                <real>0</real>
                            <key>media_flags</key>
                                <integer>0</integer>
                            <key>offsets</key>
                                <real>1</real>
                            <key>offsett</key>
                                <real>1</real>
                            <key>scales</key>
                                <real>1</real>
                            <key>scalet</key>
                                <real>1</real>
                            </map>
                            <map>
                            <key>bump</key>
                                <integer>64</integer>
                            <key>colors</key>
                                <array>
                                    <real>0.4000000059604644775390625</real>
                                    <real>0.2000000029802322387695312</real>
                                    <real>0</real>
                                    <real>1</real>
                                </array>
                            <key>fullbright</key>
                                <integer>0</integer>
                            <key>glow</key>
                                <real>0</real>
                            <key>imageid</key>
                                <uuid>fcf98def-5491-4c2f-a408-115ee8415d45</uuid>
                            <key>imagerot</key>
                                <real>0</real>
                            <key>media_flags</key>
                                <integer>0</integer>
                            <key>offsets</key>
                                <real>1</real>
                            <key>offsett</key>
                                <real>1</real>
                            <key>scales</key>
                                <real>1</real>
                            <key>scalet</key>
                                <real>1</real>
                            </map>
                            <map>
                            <key>bump</key>
                                <integer>64</integer>
                            <key>colors</key>
                                <array>
                                    <real>0.4000000059604644775390625</real>
                                    <real>0.2000000029802322387695312</real>
                                    <real>0</real>
                                    <real>1</real>
                                </array>
                            <key>fullbright</key>
                                <integer>0</integer>
                            <key>glow</key>
                                <real>0</real>
                            <key>imageid</key>
                                <uuid>fcf98def-5491-4c2f-a408-115ee8415d45</uuid>
                            <key>imagerot</key>
                                <real>0</real>
                            <key>media_flags</key>
                                <integer>0</integer>
                            <key>offsets</key>
                                <real>1</real>
                            <key>offsett</key>
                                <real>1</real>
                            <key>scales</key>
                                <real>1</real>
                            <key>scalet</key>
                                <real>1</real>
                            </map>
                            <map>
                            <key>bump</key>
                                <integer>64</integer>
                            <key>colors</key>
                                <array>
                                    <real>0.4000000059604644775390625</real>
                                    <real>0.2000000029802322387695312</real>
                                    <real>0</real>
                                    <real>1</real>
                                </array>
                            <key>fullbright</key>
                                <integer>0</integer>
                            <key>glow</key>
                                <real>0</real>
                            <key>imageid</key>
                                <uuid>fcf98def-5491-4c2f-a408-115ee8415d45</uuid>
                            <key>imagerot</key>
                                <real>0</real>
                            <key>media_flags</key>
                                <integer>0</integer>
                            <key>offsets</key>
                                <real>1</real>
                            <key>offsett</key>
                                <real>1</real>
                            <key>scales</key>
                                <real>1</real>
                            <key>scalet</key>
                                <real>1</real>
                            </map>
                            <map>
                            <key>bump</key>
                                <integer>64</integer>
                            <key>colors</key>
                                <array>
                                    <real>0.4000000059604644775390625</real>
                                    <real>0.2000000029802322387695312</real>
                                    <real>0</real>
                                    <real>1</real>
                                </array>
                            <key>fullbright</key>
                                <integer>0</integer>
                            <key>glow</key>
                                <real>0</real>
                            <key>imageid</key>
                                <uuid>fcf98def-5491-4c2f-a408-115ee8415d45</uuid>
                            <key>imagerot</key>
                                <real>0</real>
                            <key>media_flags</key>
                                <integer>0</integer>
                            <key>offsets</key>
                                <real>1</real>
                            <key>offsett</key>
                                <real>1</real>
                            <key>scales</key>
                                <real>1</real>
                            <key>scalet</key>
                                <real>1</real>
                            </map>
                            <map>
                            <key>bump</key>
                                <integer>64</integer>
                            <key>colors</key>
                                <array>
                                    <real>0.4000000059604644775390625</real>
                                    <real>0.2000000029802322387695312</real>
                                    <real>0</real>
                                    <real>1</real>
                                </array>
                            <key>fullbright</key>
                                <integer>0</integer>
                            <key>glow</key>
                                <real>0</real>
                            <key>imageid</key>
                                <uuid>fcf98def-5491-4c2f-a408-115ee8415d45</uuid>
                            <key>imagerot</key>
                                <real>0</real>
                            <key>media_flags</key>
                                <integer>0</integer>
                            <key>offsets</key>
                                <real>1</real>
                            <key>offsett</key>
                                <real>1</real>
                            <key>scales</key>
                                <real>1</real>
                            <key>scalet</key>
                                <real>1</real>
                            </map>
                            <map>
                            <key>bump</key>
                                <integer>64</integer>
                            <key>colors</key>
                                <array>
                                    <real>0.4000000059604644775390625</real>
                                    <real>0.2000000029802322387695312</real>
                                    <real>0</real>
                                    <real>1</real>
                                </array>
                            <key>fullbright</key>
                                <integer>0</integer>
                            <key>glow</key>
                                <real>0</real>
                            <key>imageid</key>
                                <uuid>fcf98def-5491-4c2f-a408-115ee8415d45</uuid>
                            <key>imagerot</key>
                                <real>0</real>
                            <key>media_flags</key>
                                <integer>0</integer>
                            <key>offsets</key>
                                <real>1</real>
                            <key>offsett</key>
                                <real>1</real>
                            <key>scales</key>
                                <real>1</real>
                            <key>scalet</key>
                                <real>1</real>
                            </map>
                        </array>
                    <key>volume</key>
                        <map>
                        <key>path</key>
                            <map>
                            <key>begin</key>
                                <real>0</real>
                            <key>curve</key>
                                <integer>16</integer>
                            <key>end</key>
                                <real>1</real>
                            <key>radius_offset</key>
                                <real>0</real>
                            <key>revolutions</key>
                                <real>1</real>
                            <key>scale_x</key>
                                <real>1</real>
                            <key>scale_y</key>
                                <real>1</real>
                            <key>shear_x</key>
                                <real>0</real>
                            <key>shear_y</key>
                                <real>0</real>
                            <key>skew</key>
                                <real>0</real>
                            <key>taper_x</key>
                                <real>0</real>
                            <key>taper_y</key>
                                <real>0</real>
                            <key>twist</key>
                                <real>0</real>
                            <key>twist_begin</key>
                                <real>0</real>
                            </map>
                        <key>profile</key>
                            <map>
                            <key>begin</key>
                                <real>0</real>
                            <key>curve</key>
                                <integer>1</integer>
                            <key>end</key>
                                <real>1</real>
                            <key>hollow</key>
                                <real>0.89999997615814208984375</real>
                            </map>
                        </map>
                    </map>
                <key>1679244278</key>
                    <map>
                    <key>parent</key>
                        <string>1679244276</string>
                    <key>phantom</key>
                        <integer>0</integer>
                    <key>physical</key>
                        <integer>0</integer>
                    <key>position</key>
                        <array>
                            <real>0</real>
                            <real>0</real>
                            <real>0</real>
                        </array>
                    <key>rotation</key>
                        <array>
                            <real>-0.707106769084930419921875</real>
                            <real>0.707106769084930419921875</real>
                            <real>-2.217656037828419357538223e-05</real>
                            <real>0.000244140625</real>
                        </array>
                    <key>scale</key>
                        <array>
                            <real>1.7500019073486328125</real>
                            <real>0.75</real>
                            <real>0.02999999932944774627685547</real>
                        </array>
                    <key>shadows</key>
                        <integer>0</integer>
                    <key>textures</key>
                        <array>
                            <map>
                            <key>bump</key>
                                <integer>64</integer>
                            <key>colors</key>
                                <array>
                                    <real>0.4000000059604644775390625</real>
                                    <real>0.2000000029802322387695312</real>
                                    <real>0</real>
                                    <real>1</real>
                                </array>
                            <key>fullbright</key>
                                <integer>0</integer>
                            <key>glow</key>
                                <real>0</real>
                            <key>imageid</key>
                                <uuid>fcf98def-5491-4c2f-a408-115ee8415d45</uuid>
                            <key>imagerot</key>
                                <real>0</real>
                            <key>media_flags</key>
                                <integer>0</integer>
                            <key>offsets</key>
                                <real>1</real>
                            <key>offsett</key>
                                <real>1</real>
                            <key>scales</key>
                                <real>1</real>
                            <key>scalet</key>
                                <real>1</real>
                            </map>
                            <map>
                            <key>bump</key>
                                <integer>64</integer>
                            <key>colors</key>
                                <array>
                                    <real>0.4000000059604644775390625</real>
                                    <real>0.2000000029802322387695312</real>
                                    <real>0</real>
                                    <real>1</real>
                                </array>
                            <key>fullbright</key>
                                <integer>0</integer>
                            <key>glow</key>
                                <real>0</real>
                            <key>imageid</key>
                                <uuid>fcf98def-5491-4c2f-a408-115ee8415d45</uuid>
                            <key>imagerot</key>
                                <real>0</real>
                            <key>media_flags</key>
                                <integer>0</integer>
                            <key>offsets</key>
                                <real>1</real>
                            <key>offsett</key>
                                <real>1</real>
                            <key>scales</key>
                                <real>1</real>
                            <key>scalet</key>
                                <real>1</real>
                            </map>
                            <map>
                            <key>bump</key>
                                <integer>64</integer>
                            <key>colors</key>
                                <array>
                                    <real>0.4000000059604644775390625</real>
                                    <real>0.2000000029802322387695312</real>
                                    <real>0</real>
                                    <real>1</real>
                                </array>
                            <key>fullbright</key>
                                <integer>0</integer>
                            <key>glow</key>
                                <real>0</real>
                            <key>imageid</key>
                                <uuid>fcf98def-5491-4c2f-a408-115ee8415d45</uuid>
                            <key>imagerot</key>
                                <real>0</real>
                            <key>media_flags</key>
                                <integer>0</integer>
                            <key>offsets</key>
                                <real>1</real>
                            <key>offsett</key>
                                <real>1</real>
                            <key>scales</key>
                                <real>1</real>
                            <key>scalet</key>
                                <real>1</real>
                            </map>
                            <map>
                            <key>bump</key>
                                <integer>64</integer>
                            <key>colors</key>
                                <array>
                                    <real>0.4000000059604644775390625</real>
                                    <real>0.2000000029802322387695312</real>
                                    <real>0</real>
                                    <real>1</real>
                                </array>
                            <key>fullbright</key>
                                <integer>0</integer>
                            <key>glow</key>
                                <real>0</real>
                            <key>imageid</key>
                                <uuid>fcf98def-5491-4c2f-a408-115ee8415d45</uuid>
                            <key>imagerot</key>
                                <real>0</real>
                            <key>media_flags</key>
                                <integer>0</integer>
                            <key>offsets</key>
                                <real>1</real>
                            <key>offsett</key>
                                <real>1</real>
                            <key>scales</key>
                                <real>1</real>
                            <key>scalet</key>
                                <real>1</real>
                            </map>
                            <map>
                            <key>bump</key>
                                <integer>64</integer>
                            <key>colors</key>
                                <array>
                                    <real>0.4000000059604644775390625</real>
                                    <real>0.2000000029802322387695312</real>
                                    <real>0</real>
                                    <real>1</real>
                                </array>
                            <key>fullbright</key>
                                <integer>0</integer>
                            <key>glow</key>
                                <real>0</real>
                            <key>imageid</key>
                                <uuid>fcf98def-5491-4c2f-a408-115ee8415d45</uuid>
                            <key>imagerot</key>
                                <real>0</real>
                            <key>media_flags</key>
                                <integer>0</integer>
                            <key>offsets</key>
                                <real>1</real>
                            <key>offsett</key>
                                <real>1</real>
                            <key>scales</key>
                                <real>1</real>
                            <key>scalet</key>
                                <real>1</real>
                            </map>
                            <map>
                            <key>bump</key>
                                <integer>64</integer>
                            <key>colors</key>
                                <array>
                                    <real>0.4000000059604644775390625</real>
                                    <real>0.2000000029802322387695312</real>
                                    <real>0</real>
                                    <real>1</real>
                                </array>
                            <key>fullbright</key>
                                <integer>0</integer>
                            <key>glow</key>
                                <real>0</real>
                            <key>imageid</key>
                                <uuid>fcf98def-5491-4c2f-a408-115ee8415d45</uuid>
                            <key>imagerot</key>
                                <real>0</real>
                            <key>media_flags</key>
                                <integer>0</integer>
                            <key>offsets</key>
                                <real>1</real>
                            <key>offsett</key>
                                <real>1</real>
                            <key>scales</key>
                                <real>1</real>
                            <key>scalet</key>
                                <real>1</real>
                            </map>
                            <map>
                            <key>bump</key>
                                <integer>64</integer>
                            <key>colors</key>
                                <array>
                                    <real>0.4000000059604644775390625</real>
                                    <real>0.2000000029802322387695312</real>
                                    <real>0</real>
                                    <real>1</real>
                                </array>
                            <key>fullbright</key>
                                <integer>0</integer>
                            <key>glow</key>
                                <real>0</real>
                            <key>imageid</key>
                                <uuid>fcf98def-5491-4c2f-a408-115ee8415d45</uuid>
                            <key>imagerot</key>
                                <real>0</real>
                            <key>media_flags</key>
                                <integer>0</integer>
                            <key>offsets</key>
                                <real>1</real>
                            <key>offsett</key>
                                <real>1</real>
                            <key>scales</key>
                                <real>1</real>
                            <key>scalet</key>
                                <real>1</real>
                            </map>
                        </array>
                    <key>volume</key>
                        <map>
                        <key>path</key>
                            <map>
                            <key>begin</key>
                                <real>0</real>
                            <key>curve</key>
                                <integer>16</integer>
                            <key>end</key>
                                <real>1</real>
                            <key>radius_offset</key>
                                <real>0</real>
                            <key>revolutions</key>
                                <real>1</real>
                            <key>scale_x</key>
                                <real>1</real>
                            <key>scale_y</key>
                                <real>1</real>
                            <key>shear_x</key>
                                <real>0</real>
                            <key>shear_y</key>
                                <real>0</real>
                            <key>skew</key>
                                <real>0</real>
                            <key>taper_x</key>
                                <real>0</real>
                            <key>taper_y</key>
                                <real>0</real>
                            <key>twist</key>
                                <real>0</real>
                            <key>twist_begin</key>
                                <real>0</real>
                            </map>
                        <key>profile</key>
                            <map>
                            <key>begin</key>
                                <real>0</real>
                            <key>curve</key>
                                <integer>1</integer>
                            <key>end</key>
                                <real>1</real>
                            <key>hollow</key>
                                <real>0.89999997615814208984375</real>
                            </map>
                        </map>
                    </map>
                <key>1679244279</key>
                    <map>
                    <key>parent</key>
                        <string>1679244276</string>
                    <key>phantom</key>
                        <integer>0</integer>
                    <key>physical</key>
                        <integer>0</integer>
                    <key>position</key>
                        <array>
                            <real>0.0280303955078125</real>
                            <real>-3.341484422492158046225086e-09</real>
                            <real>1.336593413725495338439941e-08</real>
                        </array>
                    <key>rotation</key>
                        <array>
                            <real>3.963709787058178335428238e-06</real>
                            <real>1</real>
                            <real>-8.046624770940979942679405e-07</real>
                            <real>0</real>
                        </array>
                    <key>scale</key>
                        <array>
                            <real>3.7513275146484375</real>
                            <real>0.75</real>
                            <real>0.05000000074505805969238281</real>
                        </array>
                    <key>shadows</key>
                        <integer>0</integer>
                    <key>textures</key>
                        <array>
                            <map>
                            <key>bump</key>
                                <integer>64</integer>
                            <key>colors</key>
                                <array>
                                    <real>0.4000000059604644775390625</real>
                                    <real>0.2000000029802322387695312</real>
                                    <real>0</real>
                                    <real>1</real>
                                </array>
                            <key>fullbright</key>
                                <integer>0</integer>
                            <key>glow</key>
                                <real>0</real>
                            <key>imageid</key>
                                <uuid>fcf98def-5491-4c2f-a408-115ee8415d45</uuid>
                            <key>imagerot</key>
                                <real>0</real>
                            <key>media_flags</key>
                                <integer>0</integer>
                            <key>offsets</key>
                                <real>1</real>
                            <key>offsett</key>
                                <real>1</real>
                            <key>scales</key>
                                <real>1</real>
                            <key>scalet</key>
                                <real>1</real>
                            </map>
                            <map>
                            <key>bump</key>
                                <integer>64</integer>
                            <key>colors</key>
                                <array>
                                    <real>0.4000000059604644775390625</real>
                                    <real>0.2000000029802322387695312</real>
                                    <real>0</real>
                                    <real>1</real>
                                </array>
                            <key>fullbright</key>
                                <integer>0</integer>
                            <key>glow</key>
                                <real>0</real>
                            <key>imageid</key>
                                <uuid>fcf98def-5491-4c2f-a408-115ee8415d45</uuid>
                            <key>imagerot</key>
                                <real>0</real>
                            <key>media_flags</key>
                                <integer>0</integer>
                            <key>offsets</key>
                                <real>1</real>
                            <key>offsett</key>
                                <real>1</real>
                            <key>scales</key>
                                <real>1</real>
                            <key>scalet</key>
                                <real>1</real>
                            </map>
                            <map>
                            <key>bump</key>
                                <integer>64</integer>
                            <key>colors</key>
                                <array>
                                    <real>0.4000000059604644775390625</real>
                                    <real>0.2000000029802322387695312</real>
                                    <real>0</real>
                                    <real>1</real>
                                </array>
                            <key>fullbright</key>
                                <integer>0</integer>
                            <key>glow</key>
                                <real>0</real>
                            <key>imageid</key>
                                <uuid>fcf98def-5491-4c2f-a408-115ee8415d45</uuid>
                            <key>imagerot</key>
                                <real>0</real>
                            <key>media_flags</key>
                                <integer>0</integer>
                            <key>offsets</key>
                                <real>1</real>
                            <key>offsett</key>
                                <real>1</real>
                            <key>scales</key>
                                <real>1</real>
                            <key>scalet</key>
                                <real>1</real>
                            </map>
                            <map>
                            <key>bump</key>
                                <integer>64</integer>
                            <key>colors</key>
                                <array>
                                    <real>0.4000000059604644775390625</real>
                                    <real>0.2000000029802322387695312</real>
                                    <real>0</real>
                                    <real>1</real>
                                </array>
                            <key>fullbright</key>
                                <integer>0</integer>
                            <key>glow</key>
                                <real>0</real>
                            <key>imageid</key>
                                <uuid>fcf98def-5491-4c2f-a408-115ee8415d45</uuid>
                            <key>imagerot</key>
                                <real>0</real>
                            <key>media_flags</key>
                                <integer>0</integer>
                            <key>offsets</key>
                                <real>1</real>
                            <key>offsett</key>
                                <real>1</real>
                            <key>scales</key>
                                <real>1</real>
                            <key>scalet</key>
                                <real>1</real>
                            </map>
                            <map>
                            <key>bump</key>
                                <integer>64</integer>
                            <key>colors</key>
                                <array>
                                    <real>0.4000000059604644775390625</real>
                                    <real>0.2000000029802322387695312</real>
                                    <real>0</real>
                                    <real>1</real>
                                </array>
                            <key>fullbright</key>
                                <integer>0</integer>
                            <key>glow</key>
                                <real>0</real>
                            <key>imageid</key>
                                <uuid>fcf98def-5491-4c2f-a408-115ee8415d45</uuid>
                            <key>imagerot</key>
                                <real>0</real>
                            <key>media_flags</key>
                                <integer>0</integer>
                            <key>offsets</key>
                                <real>1</real>
                            <key>offsett</key>
                                <real>1</real>
                            <key>scales</key>
                                <real>1</real>
                            <key>scalet</key>
                                <real>1</real>
                            </map>
                            <map>
                            <key>bump</key>
                                <integer>64</integer>
                            <key>colors</key>
                                <array>
                                    <real>0.4000000059604644775390625</real>
                                    <real>0.2000000029802322387695312</real>
                                    <real>0</real>
                                    <real>1</real>
                                </array>
                            <key>fullbright</key>
                                <integer>0</integer>
                            <key>glow</key>
                                <real>0</real>
                            <key>imageid</key>
                                <uuid>fcf98def-5491-4c2f-a408-115ee8415d45</uuid>
                            <key>imagerot</key>
                                <real>0</real>
                            <key>media_flags</key>
                                <integer>0</integer>
                            <key>offsets</key>
                                <real>1</real>
                            <key>offsett</key>
                                <real>1</real>
                            <key>scales</key>
                                <real>1</real>
                            <key>scalet</key>
                                <real>1</real>
                            </map>
                            <map>
                            <key>bump</key>
                                <integer>64</integer>
                            <key>colors</key>
                                <array>
                                    <real>0.4000000059604644775390625</real>
                                    <real>0.2000000029802322387695312</real>
                                    <real>0</real>
                                    <real>1</real>
                                </array>
                            <key>fullbright</key>
                                <integer>0</integer>
                            <key>glow</key>
                                <real>0</real>
                            <key>imageid</key>
                                <uuid>fcf98def-5491-4c2f-a408-115ee8415d45</uuid>
                            <key>imagerot</key>
                                <real>0</real>
                            <key>media_flags</key>
                                <integer>0</integer>
                            <key>offsets</key>
                                <real>1</real>
                            <key>offsett</key>
                                <real>1</real>
                            <key>scales</key>
                                <real>1</real>
                            <key>scalet</key>
                                <real>1</real>
                            </map>
                        </array>
                    <key>volume</key>
                        <map>
                        <key>path</key>
                            <map>
                            <key>begin</key>
                                <real>0</real>
                            <key>curve</key>
                                <integer>16</integer>
                            <key>end</key>
                                <real>1</real>
                            <key>radius_offset</key>
                                <real>0</real>
                            <key>revolutions</key>
                                <real>1</real>
                            <key>scale_x</key>
                                <real>1</real>
                            <key>scale_y</key>
                                <real>1</real>
                            <key>shear_x</key>
                                <real>0</real>
                            <key>shear_y</key>
                                <real>0</real>
                            <key>skew</key>
                                <real>0</real>
                            <key>taper_x</key>
                                <real>0</real>
                            <key>taper_y</key>
                                <real>0</real>
                            <key>twist</key>
                                <real>0</real>
                            <key>twist_begin</key>
                                <real>0</real>
                            </map>
                        <key>profile</key>
                            <map>
                            <key>begin</key>
                                <real>0</real>
                            <key>curve</key>
                                <integer>1</integer>
                            <key>end</key>
                                <real>1</real>
                            <key>hollow</key>
                                <real>0.89999997615814208984375</real>
                            </map>
                        </map>
                    </map>
                <key>1679244280</key>
                    <map>
                    <key>parent</key>
                        <string>1679244276</string>
                    <key>phantom</key>
                        <integer>0</integer>
                    <key>physical</key>
                        <integer>0</integer>
                    <key>position</key>
                        <array>
                            <real>0.038238525390625</real>
                            <real>-4.558388333464336028555408e-09</real>
                            <real>1.82335497811436653137207e-08</real>
                        </array>
                    <key>rotation</key>
                        <array>
                            <real>3.963709787058178335428238e-06</real>
                            <real>1</real>
                            <real>-8.046624770940979942679405e-07</real>
                            <real>0</real>
                        </array>
                    <key>scale</key>
                        <array>
                            <real>3.7309131622314453125</real>
                            <real>1</real>
                            <real>0.05000000074505805969238281</real>
                        </array>
                    <key>shadows</key>
                        <integer>0</integer>
                    <key>textures</key>
                        <array>
                            <map>
                            <key>bump</key>
                                <integer>64</integer>
                            <key>colors</key>
                                <array>
                                    <real>0.4000000059604644775390625</real>
                                    <real>0.2000000029802322387695312</real>
                                    <real>0</real>
                                    <real>1</real>
                                </array>
                            <key>fullbright</key>
                                <integer>0</integer>
                            <key>glow</key>
                                <real>0</real>
                            <key>imageid</key>
                                <uuid>fcf98def-5491-4c2f-a408-115ee8415d45</uuid>
                            <key>imagerot</key>
                                <real>0</real>
                            <key>media_flags</key>
                                <integer>0</integer>
                            <key>offsets</key>
                                <real>1</real>
                            <key>offsett</key>
                                <real>1</real>
                            <key>scales</key>
                                <real>1</real>
                            <key>scalet</key>
                                <real>1</real>
                            </map>
                            <map>
                            <key>bump</key>
                                <integer>64</integer>
                            <key>colors</key>
                                <array>
                                    <real>0.4000000059604644775390625</real>
                                    <real>0.2000000029802322387695312</real>
                                    <real>0</real>
                                    <real>1</real>
                                </array>
                            <key>fullbright</key>
                                <integer>0</integer>
                            <key>glow</key>
                                <real>0</real>
                            <key>imageid</key>
                                <uuid>fcf98def-5491-4c2f-a408-115ee8415d45</uuid>
                            <key>imagerot</key>
                                <real>0</real>
                            <key>media_flags</key>
                                <integer>0</integer>
                            <key>offsets</key>
                                <real>1</real>
                            <key>offsett</key>
                                <real>1</real>
                            <key>scales</key>
                                <real>1</real>
                            <key>scalet</key>
                                <real>1</real>
                            </map>
                            <map>
                            <key>bump</key>
                                <integer>64</integer>
                            <key>colors</key>
                                <array>
                                    <real>0.4000000059604644775390625</real>
                                    <real>0.2000000029802322387695312</real>
                                    <real>0</real>
                                    <real>1</real>
                                </array>
                            <key>fullbright</key>
                                <integer>0</integer>
                            <key>glow</key>
                                <real>0</real>
                            <key>imageid</key>
                                <uuid>fcf98def-5491-4c2f-a408-115ee8415d45</uuid>
                            <key>imagerot</key>
                                <real>0</real>
                            <key>media_flags</key>
                                <integer>0</integer>
                            <key>offsets</key>
                                <real>1</real>
                            <key>offsett</key>
                                <real>1</real>
                            <key>scales</key>
                                <real>1</real>
                            <key>scalet</key>
                                <real>1</real>
                            </map>
                            <map>
                            <key>bump</key>
                                <integer>64</integer>
                            <key>colors</key>
                                <array>
                                    <real>0.4000000059604644775390625</real>
                                    <real>0.2000000029802322387695312</real>
                                    <real>0</real>
                                    <real>1</real>
                                </array>
                            <key>fullbright</key>
                                <integer>0</integer>
                            <key>glow</key>
                                <real>0</real>
                            <key>imageid</key>
                                <uuid>fcf98def-5491-4c2f-a408-115ee8415d45</uuid>
                            <key>imagerot</key>
                                <real>0</real>
                            <key>media_flags</key>
                                <integer>0</integer>
                            <key>offsets</key>
                                <real>1</real>
                            <key>offsett</key>
                                <real>1</real>
                            <key>scales</key>
                                <real>1</real>
                            <key>scalet</key>
                                <real>1</real>
                            </map>
                            <map>
                            <key>bump</key>
                                <integer>64</integer>
                            <key>colors</key>
                                <array>
                                    <real>0.4000000059604644775390625</real>
                                    <real>0.2000000029802322387695312</real>
                                    <real>0</real>
                                    <real>1</real>
                                </array>
                            <key>fullbright</key>
                                <integer>0</integer>
                            <key>glow</key>
                                <real>0</real>
                            <key>imageid</key>
                                <uuid>fcf98def-5491-4c2f-a408-115ee8415d45</uuid>
                            <key>imagerot</key>
                                <real>0</real>
                            <key>media_flags</key>
                                <integer>0</integer>
                            <key>offsets</key>
                                <real>1</real>
                            <key>offsett</key>
                                <real>1</real>
                            <key>scales</key>
                                <real>1</real>
                            <key>scalet</key>
                                <real>1</real>
                            </map>
                            <map>
                            <key>bump</key>
                                <integer>64</integer>
                            <key>colors</key>
                                <array>
                                    <real>0.4000000059604644775390625</real>
                                    <real>0.2000000029802322387695312</real>
                                    <real>0</real>
                                    <real>1</real>
                                </array>
                            <key>fullbright</key>
                                <integer>0</integer>
                            <key>glow</key>
                                <real>0</real>
                            <key>imageid</key>
                                <uuid>fcf98def-5491-4c2f-a408-115ee8415d45</uuid>
                            <key>imagerot</key>
                                <real>0</real>
                            <key>media_flags</key>
                                <integer>0</integer>
                            <key>offsets</key>
                                <real>1</real>
                            <key>offsett</key>
                                <real>1</real>
                            <key>scales</key>
                                <real>1</real>
                            <key>scalet</key>
                                <real>1</real>
                            </map>
                            <map>
                            <key>bump</key>
                                <integer>64</integer>
                            <key>colors</key>
                                <array>
                                    <real>0.4000000059604644775390625</real>
                                    <real>0.2000000029802322387695312</real>
                                    <real>0</real>
                                    <real>1</real>
                                </array>
                            <key>fullbright</key>
                                <integer>0</integer>
                            <key>glow</key>
                                <real>0</real>
                            <key>imageid</key>
                                <uuid>fcf98def-5491-4c2f-a408-115ee8415d45</uuid>
                            <key>imagerot</key>
                                <real>0</real>
                            <key>media_flags</key>
                                <integer>0</integer>
                            <key>offsets</key>
                                <real>1</real>
                            <key>offsett</key>
                                <real>1</real>
                            <key>scales</key>
                                <real>1</real>
                            <key>scalet</key>
                                <real>1</real>
                            </map>
                        </array>
                    <key>volume</key>
                        <map>
                        <key>path</key>
                            <map>
                            <key>begin</key>
                                <real>0</real>
                            <key>curve</key>
                                <integer>16</integer>
                            <key>end</key>
                                <real>1</real>
                            <key>radius_offset</key>
                                <real>0</real>
                            <key>revolutions</key>
                                <real>1</real>
                            <key>scale_x</key>
                                <real>1</real>
                            <key>scale_y</key>
                                <real>1</real>
                            <key>shear_x</key>
                                <real>0</real>
                            <key>shear_y</key>
                                <real>0</real>
                            <key>skew</key>
                                <real>0</real>
                            <key>taper_x</key>
                                <real>0</real>
                            <key>taper_y</key>
                                <real>0</real>
                            <key>twist</key>
                                <real>0</real>
                            <key>twist_begin</key>
                                <real>0</real>
                            </map>
                        <key>profile</key>
                            <map>
                            <key>begin</key>
                                <real>0</real>
                            <key>curve</key>
                                <integer>1</integer>
                            <key>end</key>
                                <real>1</real>
                            <key>hollow</key>
                                <real>0.89999997615814208984375</real>
                            </map>
                        </map>
                    </map>
                <key>1679244281</key>
                    <map>
                    <key>parent</key>
                        <string>1679244276</string>
                    <key>phantom</key>
                        <integer>0</integer>
                    <key>physical</key>
                        <integer>0</integer>
                    <key>position</key>
                        <array>
                            <real>-1.1192302703857421875</real>
                            <real>1.334226737981225596740842e-07</real>
                            <real>-5.33690581505652517080307e-07</real>
                        </array>
                    <key>rotation</key>
                        <array>
                            <real>-0.707106769084930419921875</real>
                            <real>0.707106769084930419921875</real>
                            <real>-2.217656037828419357538223e-05</real>
                            <real>0.000244140625</real>
                        </array>
                    <key>scale</key>
                        <array>
                            <real>1.7500019073486328125</real>
                            <real>0.75</real>
                            <real>0.02999999932944774627685547</real>
                        </array>
                    <key>shadows</key>
                        <integer>0</integer>
                    <key>textures</key>
                        <array>
                            <map>
                            <key>bump</key>
                                <integer>64</integer>
                            <key>colors</key>
                                <array>
                                    <real>0.4000000059604644775390625</real>
                                    <real>0.2000000029802322387695312</real>
                                    <real>0</real>
                                    <real>1</real>
                                </array>
                            <key>fullbright</key>
                                <integer>0</integer>
                            <key>glow</key>
                                <real>0</real>
                            <key>imageid</key>
                                <uuid>fcf98def-5491-4c2f-a408-115ee8415d45</uuid>
                            <key>imagerot</key>
                                <real>0</real>
                            <key>media_flags</key>
                                <integer>0</integer>
                            <key>offsets</key>
                                <real>1</real>
                            <key>offsett</key>
                                <real>1</real>
                            <key>scales</key>
                                <real>1</real>
                            <key>scalet</key>
                                <real>1</real>
                            </map>
                            <map>
                            <key>bump</key>
                                <integer>64</integer>
                            <key>colors</key>
                                <array>
                                    <real>0.4000000059604644775390625</real>
                                    <real>0.2000000029802322387695312</real>
                                    <real>0</real>
                                    <real>1</real>
                                </array>
                            <key>fullbright</key>
                                <integer>0</integer>
                            <key>glow</key>
                                <real>0</real>
                            <key>imageid</key>
                                <uuid>fcf98def-5491-4c2f-a408-115ee8415d45</uuid>
                            <key>imagerot</key>
                                <real>0</real>
                            <key>media_flags</key>
                                <integer>0</integer>
                            <key>offsets</key>
                                <real>1</real>
                            <key>offsett</key>
                                <real>1</real>
                            <key>scales</key>
                                <real>1</real>
                            <key>scalet</key>
                                <real>1</real>
                            </map>
                            <map>
                            <key>bump</key>
                                <integer>64</integer>
                            <key>colors</key>
                                <array>
                                    <real>0.4000000059604644775390625</real>
                                    <real>0.2000000029802322387695312</real>
                                    <real>0</real>
                                    <real>1</real>
                                </array>
                            <key>fullbright</key>
                                <integer>0</integer>
                            <key>glow</key>
                                <real>0</real>
                            <key>imageid</key>
                                <uuid>fcf98def-5491-4c2f-a408-115ee8415d45</uuid>
                            <key>imagerot</key>
                                <real>0</real>
                            <key>media_flags</key>
                                <integer>0</integer>
                            <key>offsets</key>
                                <real>1</real>
                            <key>offsett</key>
                                <real>1</real>
                            <key>scales</key>
                                <real>1</real>
                            <key>scalet</key>
                                <real>1</real>
                            </map>
                            <map>
                            <key>bump</key>
                                <integer>64</integer>
                            <key>colors</key>
                                <array>
                                    <real>0.4000000059604644775390625</real>
                                    <real>0.2000000029802322387695312</real>
                                    <real>0</real>
                                    <real>1</real>
                                </array>
                            <key>fullbright</key>
                                <integer>0</integer>
                            <key>glow</key>
                                <real>0</real>
                            <key>imageid</key>
                                <uuid>fcf98def-5491-4c2f-a408-115ee8415d45</uuid>
                            <key>imagerot</key>
                                <real>0</real>
                            <key>media_flags</key>
                                <integer>0</integer>
                            <key>offsets</key>
                                <real>1</real>
                            <key>offsett</key>
                                <real>1</real>
                            <key>scales</key>
                                <real>1</real>
                            <key>scalet</key>
                                <real>1</real>
                            </map>
                            <map>
                            <key>bump</key>
                                <integer>64</integer>
                            <key>colors</key>
                                <array>
                                    <real>0.4000000059604644775390625</real>
                                    <real>0.2000000029802322387695312</real>
                                    <real>0</real>
                                    <real>1</real>
                                </array>
                            <key>fullbright</key>
                                <integer>0</integer>
                            <key>glow</key>
                                <real>0</real>
                            <key>imageid</key>
                                <uuid>fcf98def-5491-4c2f-a408-115ee8415d45</uuid>
                            <key>imagerot</key>
                                <real>0</real>
                            <key>media_flags</key>
                                <integer>0</integer>
                            <key>offsets</key>
                                <real>1</real>
                            <key>offsett</key>
                                <real>1</real>
                            <key>scales</key>
                                <real>1</real>
                            <key>scalet</key>
                                <real>1</real>
                            </map>
                            <map>
                            <key>bump</key>
                                <integer>64</integer>
                            <key>colors</key>
                                <array>
                                    <real>0.4000000059604644775390625</real>
                                    <real>0.2000000029802322387695312</real>
                                    <real>0</real>
                                    <real>1</real>
                                </array>
                            <key>fullbright</key>
                                <integer>0</integer>
                            <key>glow</key>
                                <real>0</real>
                            <key>imageid</key>
                                <uuid>fcf98def-5491-4c2f-a408-115ee8415d45</uuid>
                            <key>imagerot</key>
                                <real>0</real>
                            <key>media_flags</key>
                                <integer>0</integer>
                            <key>offsets</key>
                                <real>1</real>
                            <key>offsett</key>
                                <real>1</real>
                            <key>scales</key>
                                <real>1</real>
                            <key>scalet</key>
                                <real>1</real>
                            </map>
                            <map>
                            <key>bump</key>
                                <integer>64</integer>
                            <key>colors</key>
                                <array>
                                    <real>0.4000000059604644775390625</real>
                                    <real>0.2000000029802322387695312</real>
                                    <real>0</real>
                                    <real>1</real>
                                </array>
                            <key>fullbright</key>
                                <integer>0</integer>
                            <key>glow</key>
                                <real>0</real>
                            <key>imageid</key>
                                <uuid>fcf98def-5491-4c2f-a408-115ee8415d45</uuid>
                            <key>imagerot</key>
                                <real>0</real>
                            <key>media_flags</key>
                                <integer>0</integer>
                            <key>offsets</key>
                                <real>1</real>
                            <key>offsett</key>
                                <real>1</real>
                            <key>scales</key>
                                <real>1</real>
                            <key>scalet</key>
                                <real>1</real>
                            </map>
                        </array>
                    <key>volume</key>
                        <map>
                        <key>path</key>
                            <map>
                            <key>begin</key>
                                <real>0</real>
                            <key>curve</key>
                                <integer>16</integer>
                            <key>end</key>
                                <real>1</real>
                            <key>radius_offset</key>
                                <real>0</real>
                            <key>revolutions</key>
                                <real>1</real>
                            <key>scale_x</key>
                                <real>1</real>
                            <key>scale_y</key>
                                <real>1</real>
                            <key>shear_x</key>
                                <real>0</real>
                            <key>shear_y</key>
                                <real>0</real>
                            <key>skew</key>
                                <real>0</real>
                            <key>taper_x</key>
                                <real>0</real>
                            <key>taper_y</key>
                                <real>0</real>
                            <key>twist</key>
                                <real>0</real>
                            <key>twist_begin</key>
                                <real>0</real>
                            </map>
                        <key>profile</key>
                            <map>
                            <key>begin</key>
                                <real>0</real>
                            <key>curve</key>
                                <integer>1</integer>
                            <key>end</key>
                                <real>1</real>
                            <key>hollow</key>
                                <real>0.89999997615814208984375</real>
                            </map>
                        </map>
                    </map>
                <key>1679244282</key>
                    <map>
                    <key>parent</key>
                        <string>1679244276</string>
                    <key>phantom</key>
                        <integer>0</integer>
                    <key>physical</key>
                        <integer>0</integer>
                    <key>position</key>
                        <array>
                            <real>1.043080999352241633459926e-07</real>
                            <real>0.875</real>
                            <real>1.043081567786430241540074e-07</real>
                        </array>
                    <key>rotation</key>
                        <array>
                            <real>0.50000011920928955078125</real>
                            <real>-0.50000011920928955078125</real>
                            <real>-0.499999940395355224609375</real>
                            <real>0.499999821186065673828125</real>
                        </array>
                    <key>scale</key>
                        <array>
                            <real>3.5</real>
                            <real>0.009999999776482582092285156</real>
                            <real>3.5</real>
                        </array>
                    <key>shadows</key>
                        <integer>0</integer>
                    <key>textures</key>
                        <array>
                            <map>
                            <key>bump</key>
                                <integer>64</integer>
                            <key>colors</key>
                                <array>
                                    <real>0.4000000059604644775390625</real>
                                    <real>0.4078431427478790283203125</real>
                                    <real>0.2549019753932952880859375</real>
                                    <real>0.3019607961177825927734375</real>
                                </array>
                            <key>fullbright</key>
                                <integer>0</integer>
                            <key>glow</key>
                                <real>0</real>
                            <key>imageid</key>
                                <uuid>fcf98def-5491-4c2f-a408-115ee8415d45</uuid>
                            <key>imagerot</key>
                                <real>0</real>
                            <key>media_flags</key>
                                <integer>0</integer>
                            <key>offsets</key>
                                <real>1</real>
                            <key>offsett</key>
                                <real>1</real>
                            <key>scales</key>
                                <real>1</real>
                            <key>scalet</key>
                                <real>1</real>
                            </map>
                            <map>
                            <key>bump</key>
                                <integer>64</integer>
                            <key>colors</key>
                                <array>
                                    <real>0.4000000059604644775390625</real>
                                    <real>0.4078431427478790283203125</real>
                                    <real>0.2549019753932952880859375</real>
                                    <real>0.3019607961177825927734375</real>
                                </array>
                            <key>fullbright</key>
                                <integer>0</integer>
                            <key>glow</key>
                                <real>0</real>
                            <key>imageid</key>
                                <uuid>fcf98def-5491-4c2f-a408-115ee8415d45</uuid>
                            <key>imagerot</key>
                                <real>0</real>
                            <key>media_flags</key>
                                <integer>0</integer>
                            <key>offsets</key>
                                <real>1</real>
                            <key>offsett</key>
                                <real>1</real>
                            <key>scales</key>
                                <real>1</real>
                            <key>scalet</key>
                                <real>1</real>
                            </map>
                            <map>
                            <key>bump</key>
                                <integer>64</integer>
                            <key>colors</key>
                                <array>
                                    <real>0.4000000059604644775390625</real>
                                    <real>0.4078431427478790283203125</real>
                                    <real>0.2549019753932952880859375</real>
                                    <real>0.3019607961177825927734375</real>
                                </array>
                            <key>fullbright</key>
                                <integer>0</integer>
                            <key>glow</key>
                                <real>0</real>
                            <key>imageid</key>
                                <uuid>fcf98def-5491-4c2f-a408-115ee8415d45</uuid>
                            <key>imagerot</key>
                                <real>0</real>
                            <key>media_flags</key>
                                <integer>0</integer>
                            <key>offsets</key>
                                <real>1</real>
                            <key>offsett</key>
                                <real>1</real>
                            <key>scales</key>
                                <real>1</real>
                            <key>scalet</key>
                                <real>1</real>
                            </map>
                            <map>
                            <key>bump</key>
                                <integer>64</integer>
                            <key>colors</key>
                                <array>
                                    <real>0.4000000059604644775390625</real>
                                    <real>0.4078431427478790283203125</real>
                                    <real>0.2549019753932952880859375</real>
                                    <real>0.3019607961177825927734375</real>
                                </array>
                            <key>fullbright</key>
                                <integer>0</integer>
                            <key>glow</key>
                                <real>0</real>
                            <key>imageid</key>
                                <uuid>fcf98def-5491-4c2f-a408-115ee8415d45</uuid>
                            <key>imagerot</key>
                                <real>0</real>
                            <key>media_flags</key>
                                <integer>0</integer>
                            <key>offsets</key>
                                <real>1</real>
                            <key>offsett</key>
                                <real>1</real>
                            <key>scales</key>
                                <real>1</real>
                            <key>scalet</key>
                                <real>1</real>
                            </map>
                            <map>
                            <key>bump</key>
                                <integer>64</integer>
                            <key>colors</key>
                                <array>
                                    <real>0.4000000059604644775390625</real>
                                    <real>0.4078431427478790283203125</real>
                                    <real>0.2549019753932952880859375</real>
                                    <real>0.3019607961177825927734375</real>
                                </array>
                            <key>fullbright</key>
                                <integer>0</integer>
                            <key>glow</key>
                                <real>0</real>
                            <key>imageid</key>
                                <uuid>fcf98def-5491-4c2f-a408-115ee8415d45</uuid>
                            <key>imagerot</key>
                                <real>0</real>
                            <key>media_flags</key>
                                <integer>0</integer>
                            <key>offsets</key>
                                <real>1</real>
                            <key>offsett</key>
                                <real>1</real>
                            <key>scales</key>
                                <real>1</real>
                            <key>scalet</key>
                                <real>1</real>
                            </map>
                            <map>
                            <key>bump</key>
                                <integer>64</integer>
                            <key>colors</key>
                                <array>
                                    <real>0.4000000059604644775390625</real>
                                    <real>0.4078431427478790283203125</real>
                                    <real>0.2549019753932952880859375</real>
                                    <real>0.3019607961177825927734375</real>
                                </array>
                            <key>fullbright</key>
                                <integer>0</integer>
                            <key>glow</key>
                                <real>0</real>
                            <key>imageid</key>
                                <uuid>fcf98def-5491-4c2f-a408-115ee8415d45</uuid>
                            <key>imagerot</key>
                                <real>0</real>
                            <key>media_flags</key>
                                <integer>0</integer>
                            <key>offsets</key>
                                <real>1</real>
                            <key>offsett</key>
                                <real>1</real>
                            <key>scales</key>
                                <real>1</real>
                            <key>scalet</key>
                                <real>1</real>
                            </map>
                            <map>
                            <key>bump</key>
                                <integer>64</integer>
                            <key>colors</key>
                                <array>
                                    <real>0.4000000059604644775390625</real>
                                    <real>0.4078431427478790283203125</real>
                                    <real>0.2549019753932952880859375</real>
                                    <real>0.3019607961177825927734375</real>
                                </array>
                            <key>fullbright</key>
                                <integer>0</integer>
                            <key>glow</key>
                                <real>0</real>
                            <key>imageid</key>
                                <uuid>fcf98def-5491-4c2f-a408-115ee8415d45</uuid>
                            <key>imagerot</key>
                                <real>0</real>
                            <key>media_flags</key>
                                <integer>0</integer>
                            <key>offsets</key>
                                <real>1</real>
                            <key>offsett</key>
                                <real>1</real>
                            <key>scales</key>
                                <real>1</real>
                            <key>scalet</key>
                                <real>1</real>
                            </map>
                        </array>
                    <key>volume</key>
                        <map>
                        <key>path</key>
                            <map>
                            <key>begin</key>
                                <real>0</real>
                            <key>curve</key>
                                <integer>16</integer>
                            <key>end</key>
                                <real>1</real>
                            <key>radius_offset</key>
                                <real>0</real>
                            <key>revolutions</key>
                                <real>1</real>
                            <key>scale_x</key>
                                <real>1</real>
                            <key>scale_y</key>
                                <real>1</real>
                            <key>shear_x</key>
                                <real>0</real>
                            <key>shear_y</key>
                                <real>0</real>
                            <key>skew</key>
                                <real>0</real>
                            <key>taper_x</key>
                                <real>0</real>
                            <key>taper_y</key>
                                <real>0</real>
                            <key>twist</key>
                                <real>0</real>
                            <key>twist_begin</key>
                                <real>0</real>
                            </map>
                        <key>profile</key>
                            <map>
                            <key>begin</key>
                                <real>0.125</real>
                            <key>curve</key>
                                <integer>1</integer>
                            <key>end</key>
                                <real>0.625</real>
                            <key>hollow</key>
                                <real>0</real>
                            </map>
                        </map>
                    </map>
                </map>
            <key>root_position</key>
                <array>
                    <real>128.8532257080078125</real>
                    <real>62.42699432373046875</real>
                    <real>26.5221538543701171875</real>
                </array>
            <key>root_rotation</key>
                <array>
                    <real>-0.50000011920928955078125</real>
                    <real>0.50000011920928955078125</real>
                    <real>0.499999940395355224609375</real>
                    <real>0.499999821186065673828125</real>
                </array>
            </map>
        </array>
    </map>
</llsd>
