<llsd>
    <map>
    <key>data</key>
        <array>
            <map>
            <key>group_body</key>
                <map>
                <key>1871940779</key>
                    <map>
                    <key>description</key>
                        <string />
                    <key>name</key>
                        <string>Flyable paper airplane 2</string>
                    <key>phantom</key>
                        <integer>1</integer>
                    <key>physical</key>
                        <integer>0</integer>
                    <key>position</key>
                        <array>
                            <real>67.97137451171875</real>
                            <real>185.18032836914063</real>
                            <real>22.124015808105469</real>
                        </array>
                    <key>rotation</key>
                        <array>
                            <real>-0.0029159688856452703</real>
                            <real>-0.96464967727661133</real>
                            <real>0.26311048865318298</real>
                            <real>0.014674861915409565</real>
                        </array>
                    <key>scale</key>
                        <array>
                            <real>0.1922571063041687</real>
                            <real>0.59375178813934326</real>
                            <real>3.5971889495849609</real>
                        </array>
                    <key>shadows</key>
                        <integer>0</integer>
                    <key>textures</key>
                        <array>
                            <map>
                            <key>bump</key>
                                <integer>0</integer>
                            <key>colors</key>
                                <array>
                                    <real>0.74901962280273438</real>
                                    <real>0.74901962280273438</real>
                                    <real>0.74901962280273438</real>
                                    <real>1</real>
                                </array>
                            <key>fullbright</key>
                                <integer>0</integer>
                            <key>glow</key>
                                <real>0</real>
                            <key>imageid</key>
                                <uuid>36c5df91-9aef-4fbe-8660-1ddc9b08c7b4</uuid>
                            <key>imagerot</key>
                                <real>0</real>
                            <key>media_flags</key>
                                <integer>0</integer>
                            <key>offsets</key>
                                <real>0</real>
                            <key>offsett</key>
                                <real>0</real>
                            <key>scales</key>
                                <real>1</real>
                            <key>scalet</key>
                                <real>1</real>
                            </map>
                            <map>
                            <key>bump</key>
                                <integer>0</integer>
                            <key>colors</key>
                                <array>
                                    <real>0.74901962280273438</real>
                                    <real>0.74901962280273438</real>
                                    <real>0.74901962280273438</real>
                                    <real>1</real>
                                </array>
                            <key>fullbright</key>
                                <integer>0</integer>
                            <key>glow</key>
                                <real>0</real>
                            <key>imageid</key>
                                <uuid>36c5df91-9aef-4fbe-8660-1ddc9b08c7b4</uuid>
                            <key>imagerot</key>
                                <real>0</real>
                            <key>media_flags</key>
                                <integer>0</integer>
                            <key>offsets</key>
                                <real>0</real>
                            <key>offsett</key>
                                <real>0</real>
                            <key>scales</key>
                                <real>1</real>
                            <key>scalet</key>
                                <real>1</real>
                            </map>
                            <map>
                            <key>bump</key>
                                <integer>0</integer>
                            <key>colors</key>
                                <array>
                                    <real>0.74901962280273438</real>
                                    <real>0.74901962280273438</real>
                                    <real>0.74901962280273438</real>
                                    <real>1</real>
                                </array>
                            <key>fullbright</key>
                                <integer>0</integer>
                            <key>glow</key>
                                <real>0</real>
                            <key>imageid</key>
                                <uuid>36c5df91-9aef-4fbe-8660-1ddc9b08c7b4</uuid>
                            <key>imagerot</key>
                                <real>0</real>
                            <key>media_flags</key>
                                <integer>0</integer>
                            <key>offsets</key>
                                <real>0</real>
                            <key>offsett</key>
                                <real>0</real>
                            <key>scales</key>
                                <real>1</real>
                            <key>scalet</key>
                                <real>1</real>
                            </map>
                            <map>
                            <key>bump</key>
                                <integer>0</integer>
                            <key>colors</key>
                                <array>
                                    <real>0.74901962280273438</real>
                                    <real>0.74901962280273438</real>
                                    <real>0.74901962280273438</real>
                                    <real>1</real>
                                </array>
                            <key>fullbright</key>
                                <integer>0</integer>
                            <key>glow</key>
                                <real>0</real>
                            <key>imageid</key>
                                <uuid>36c5df91-9aef-4fbe-8660-1ddc9b08c7b4</uuid>
                            <key>imagerot</key>
                                <real>0</real>
                            <key>media_flags</key>
                                <integer>0</integer>
                            <key>offsets</key>
                                <real>0</real>
                            <key>offsett</key>
                                <real>0</real>
                            <key>scales</key>
                                <real>1</real>
                            <key>scalet</key>
                                <real>1</real>
                            </map>
                            <map>
                            <key>bump</key>
                                <integer>0</integer>
                            <key>colors</key>
                                <array>
                                    <real>0.74901962280273438</real>
                                    <real>0.74901962280273438</real>
                                    <real>0.74901962280273438</real>
                                    <real>1</real>
                                </array>
                            <key>fullbright</key>
                                <integer>0</integer>
                            <key>glow</key>
                                <real>0</real>
                            <key>imageid</key>
                                <uuid>36c5df91-9aef-4fbe-8660-1ddc9b08c7b4</uuid>
                            <key>imagerot</key>
                                <real>0</real>
                            <key>media_flags</key>
                                <integer>0</integer>
                            <key>offsets</key>
                                <real>0</real>
                            <key>offsett</key>
                                <real>0</real>
                            <key>scales</key>
                                <real>1</real>
                            <key>scalet</key>
                                <real>1</real>
                            </map>
                            <map>
                            <key>bump</key>
                                <integer>0</integer>
                            <key>colors</key>
                                <array>
                                    <real>0.74901962280273438</real>
                                    <real>0.74901962280273438</real>
                                    <real>0.74901962280273438</real>
                                    <real>1</real>
                                </array>
                            <key>fullbright</key>
                                <integer>0</integer>
                            <key>glow</key>
                                <real>0</real>
                            <key>imageid</key>
                                <uuid>36c5df91-9aef-4fbe-8660-1ddc9b08c7b4</uuid>
                            <key>imagerot</key>
                                <real>0</real>
                            <key>media_flags</key>
                                <integer>0</integer>
                            <key>offsets</key>
                                <real>0</real>
                            <key>offsett</key>
                                <real>0</real>
                            <key>scales</key>
                                <real>1</real>
                            <key>scalet</key>
                                <real>1</real>
                            </map>
                            <map>
                            <key>bump</key>
                                <integer>0</integer>
                            <key>colors</key>
                                <array>
                                    <real>0.74901962280273438</real>
                                    <real>0.74901962280273438</real>
                                    <real>0.74901962280273438</real>
                                    <real>1</real>
                                </array>
                            <key>fullbright</key>
                                <integer>0</integer>
                            <key>glow</key>
                                <real>0</real>
                            <key>imageid</key>
                                <uuid>36c5df91-9aef-4fbe-8660-1ddc9b08c7b4</uuid>
                            <key>imagerot</key>
                                <real>0</real>
                            <key>media_flags</key>
                                <integer>0</integer>
                            <key>offsets</key>
                                <real>0</real>
                            <key>offsett</key>
                                <real>0</real>
                            <key>scales</key>
                                <real>1</real>
                            <key>scalet</key>
                                <real>1</real>
                            </map>
                            <map>
                            <key>bump</key>
                                <integer>0</integer>
                            <key>colors</key>
                                <array>
                                    <real>0.74901962280273438</real>
                                    <real>0.74901962280273438</real>
                                    <real>0.74901962280273438</real>
                                    <real>1</real>
                                </array>
                            <key>fullbright</key>
                                <integer>0</integer>
                            <key>glow</key>
                                <real>0</real>
                            <key>imageid</key>
                                <uuid>36c5df91-9aef-4fbe-8660-1ddc9b08c7b4</uuid>
                            <key>imagerot</key>
                                <real>0</real>
                            <key>media_flags</key>
                                <integer>0</integer>
                            <key>offsets</key>
                                <real>0</real>
                            <key>offsett</key>
                                <real>0</real>
                            <key>scales</key>
                                <real>1</real>
                            <key>scalet</key>
                                <real>1</real>
                            </map>
                        </array>
                    <key>volume</key>
                        <map>
                        <key>path</key>
                            <map>
                            <key>begin</key>
                                <real>0</real>
                            <key>curve</key>
                                <integer>16</integer>
                            <key>end</key>
                                <real>1</real>
                            <key>radius_offset</key>
                                <real>0</real>
                            <key>revolutions</key>
                                <real>1</real>
                            <key>scale_x</key>
                                <real>0</real>
                            <key>scale_y</key>
                                <real>1</real>
                            <key>shear_x</key>
                                <real>0</real>
                            <key>shear_y</key>
                                <real>0</real>
                            <key>skew</key>
                                <real>0</real>
                            <key>taper_x</key>
                                <real>0</real>
                            <key>taper_y</key>
                                <real>0</real>
                            <key>twist</key>
                                <real>0</real>
                            <key>twist_begin</key>
                                <real>0</real>
                            </map>
                        <key>profile</key>
                            <map>
                            <key>begin</key>
                                <real>0.375</real>
                            <key>curve</key>
                                <integer>1</integer>
                            <key>end</key>
                                <real>0.875</real>
                            <key>hollow</key>
                                <real>0.8999900221824646</real>
                            </map>
                        </map>
                    </map>
                <key>1871940780</key>
                    <map>
                    <key>description</key>
                        <string />
                    <key>name</key>
                        <string>Primitive</string>
                    <key>parent</key>
                        <string>1871940779</string>
                    <key>phantom</key>
                        <integer>1</integer>
                    <key>physical</key>
                        <integer>0</integer>
                    <key>position</key>
                        <array>
                            <real>0.4105725884437561</real>
                            <real>0.009295981377363205</real>
                            <real>0.012210199609398842</real>
                        </array>
                    <key>rotation</key>
                        <array>
                            <real>0.017415458336472511</real>
                            <real>4.3158375774510205e-005</real>
                            <real>-0.99984830617904663</real>
                            <real>0.000244140625</real>
                        </array>
                    <key>scale</key>
                        <array>
                            <real>0.76873952150344849</real>
                            <real>0.010501829907298088</real>
                            <real>3.5939619541168213</real>
                        </array>
                    <key>shadows</key>
                        <integer>0</integer>
                    <key>textures</key>
                        <array>
                            <map>
                            <key>bump</key>
                                <integer>0</integer>
                            <key>colors</key>
                                <array>
                                    <real>0.74901962280273438</real>
                                    <real>0.74901962280273438</real>
                                    <real>0.74901962280273438</real>
                                    <real>1</real>
                                </array>
                            <key>fullbright</key>
                                <integer>0</integer>
                            <key>glow</key>
                                <real>0</real>
                            <key>imageid</key>
                                <uuid>36c5df91-9aef-4fbe-8660-1ddc9b08c7b4</uuid>
                            <key>imagerot</key>
                                <real>0</real>
                            <key>media_flags</key>
                                <integer>0</integer>
                            <key>offsets</key>
                                <real>0</real>
                            <key>offsett</key>
                                <real>0</real>
                            <key>scales</key>
                                <real>1</real>
                            <key>scalet</key>
                                <real>1</real>
                            </map>
                            <map>
                            <key>bump</key>
                                <integer>0</integer>
                            <key>colors</key>
                                <array>
                                    <real>0.74901962280273438</real>
                                    <real>0.74901962280273438</real>
                                    <real>0.74901962280273438</real>
                                    <real>1</real>
                                </array>
                            <key>fullbright</key>
                                <integer>0</integer>
                            <key>glow</key>
                                <real>0</real>
                            <key>imageid</key>
                                <uuid>36c5df91-9aef-4fbe-8660-1ddc9b08c7b4</uuid>
                            <key>imagerot</key>
                                <real>0</real>
                            <key>media_flags</key>
                                <integer>0</integer>
                            <key>offsets</key>
                                <real>0</real>
                            <key>offsett</key>
                                <real>0</real>
                            <key>scales</key>
                                <real>1</real>
                            <key>scalet</key>
                                <real>1</real>
                            </map>
                            <map>
                            <key>bump</key>
                                <integer>0</integer>
                            <key>colors</key>
                                <array>
                                    <real>0.74901962280273438</real>
                                    <real>0.74901962280273438</real>
                                    <real>0.74901962280273438</real>
                                    <real>1</real>
                                </array>
                            <key>fullbright</key>
                                <integer>0</integer>
                            <key>glow</key>
                                <real>0</real>
                            <key>imageid</key>
                                <uuid>36c5df91-9aef-4fbe-8660-1ddc9b08c7b4</uuid>
                            <key>imagerot</key>
                                <real>0</real>
                            <key>media_flags</key>
                                <integer>0</integer>
                            <key>offsets</key>
                                <real>0</real>
                            <key>offsett</key>
                                <real>0</real>
                            <key>scales</key>
                                <real>1</real>
                            <key>scalet</key>
                                <real>1</real>
                            </map>
                            <map>
                            <key>bump</key>
                                <integer>0</integer>
                            <key>colors</key>
                                <array>
                                    <real>0.74901962280273438</real>
                                    <real>0.74901962280273438</real>
                                    <real>0.74901962280273438</real>
                                    <real>1</real>
                                </array>
                            <key>fullbright</key>
                                <integer>0</integer>
                            <key>glow</key>
                                <real>0</real>
                            <key>imageid</key>
                                <uuid>36c5df91-9aef-4fbe-8660-1ddc9b08c7b4</uuid>
                            <key>imagerot</key>
                                <real>0</real>
                            <key>media_flags</key>
                                <integer>0</integer>
                            <key>offsets</key>
                                <real>0</real>
                            <key>offsett</key>
                                <real>0</real>
                            <key>scales</key>
                                <real>1</real>
                            <key>scalet</key>
                                <real>1</real>
                            </map>
                            <map>
                            <key>bump</key>
                                <integer>0</integer>
                            <key>colors</key>
                                <array>
                                    <real>0.74901962280273438</real>
                                    <real>0.74901962280273438</real>
                                    <real>0.74901962280273438</real>
                                    <real>1</real>
                                </array>
                            <key>fullbright</key>
                                <integer>0</integer>
                            <key>glow</key>
                                <real>0</real>
                            <key>imageid</key>
                                <uuid>36c5df91-9aef-4fbe-8660-1ddc9b08c7b4</uuid>
                            <key>imagerot</key>
                                <real>0</real>
                            <key>media_flags</key>
                                <integer>0</integer>
                            <key>offsets</key>
                                <real>0</real>
                            <key>offsett</key>
                                <real>0</real>
                            <key>scales</key>
                                <real>1</real>
                            <key>scalet</key>
                                <real>1</real>
                            </map>
                            <map>
                            <key>bump</key>
                                <integer>0</integer>
                            <key>colors</key>
                                <array>
                                    <real>0.74901962280273438</real>
                                    <real>0.74901962280273438</real>
                                    <real>0.74901962280273438</real>
                                    <real>1</real>
                                </array>
                            <key>fullbright</key>
                                <integer>0</integer>
                            <key>glow</key>
                                <real>0</real>
                            <key>imageid</key>
                                <uuid>36c5df91-9aef-4fbe-8660-1ddc9b08c7b4</uuid>
                            <key>imagerot</key>
                                <real>0</real>
                            <key>media_flags</key>
                                <integer>0</integer>
                            <key>offsets</key>
                                <real>0</real>
                            <key>offsett</key>
                                <real>0</real>
                            <key>scales</key>
                                <real>1</real>
                            <key>scalet</key>
                                <real>1</real>
                            </map>
                        </array>
                    <key>volume</key>
                        <map>
                        <key>path</key>
                            <map>
                            <key>begin</key>
                                <real>0</real>
                            <key>curve</key>
                                <integer>16</integer>
                            <key>end</key>
                                <real>1</real>
                            <key>radius_offset</key>
                                <real>0</real>
                            <key>revolutions</key>
                                <real>1</real>
                            <key>scale_x</key>
                                <real>0</real>
                            <key>scale_y</key>
                                <real>1</real>
                            <key>shear_x</key>
                                <real>0.44999998807907104</real>
                            <key>shear_y</key>
                                <real>0</real>
                            <key>skew</key>
                                <real>0</real>
                            <key>taper_x</key>
                                <real>0</real>
                            <key>taper_y</key>
                                <real>0</real>
                            <key>twist</key>
                                <real>0</real>
                            <key>twist_begin</key>
                                <real>0</real>
                            </map>
                        <key>profile</key>
                            <map>
                            <key>begin</key>
                                <real>0</real>
                            <key>curve</key>
                                <integer>1</integer>
                            <key>end</key>
                                <real>1</real>
                            <key>hollow</key>
                                <real>0</real>
                            </map>
                        </map>
                    </map>
                <key>1871940781</key>
                    <map>
                    <key>description</key>
                        <string />
                    <key>name</key>
                        <string>Primitive</string>
                    <key>parent</key>
                        <string>1871940779</string>
                    <key>phantom</key>
                        <integer>1</integer>
                    <key>physical</key>
                        <integer>0</integer>
                    <key>position</key>
                        <array>
                            <real>-0.41249069571495056</real>
                            <real>0.009295981377363205</real>
                            <real>0.012210199609398842</real>
                        </array>
                    <key>rotation</key>
                        <array>
                            <real>-2.1537038264796138e-005</real>
                            <real>0.017452407628297806</real>
                            <real>3.7602885072374193e-007</real>
                            <real>0.99984771013259888</real>
                        </array>
                    <key>scale</key>
                        <array>
                            <real>0.76873952150344849</real>
                            <real>0.010501829907298088</real>
                            <real>3.5939619541168213</real>
                        </array>
                    <key>shadows</key>
                        <integer>0</integer>
                    <key>textures</key>
                        <array>
                            <map>
                            <key>bump</key>
                                <integer>0</integer>
                            <key>colors</key>
                                <array>
                                    <real>0.74901962280273438</real>
                                    <real>0.74901962280273438</real>
                                    <real>0.74901962280273438</real>
                                    <real>1</real>
                                </array>
                            <key>fullbright</key>
                                <integer>0</integer>
                            <key>glow</key>
                                <real>0</real>
                            <key>imageid</key>
                                <uuid>36c5df91-9aef-4fbe-8660-1ddc9b08c7b4</uuid>
                            <key>imagerot</key>
                                <real>0</real>
                            <key>media_flags</key>
                                <integer>0</integer>
                            <key>offsets</key>
                                <real>0</real>
                            <key>offsett</key>
                                <real>0</real>
                            <key>scales</key>
                                <real>1</real>
                            <key>scalet</key>
                                <real>1</real>
                            </map>
                            <map>
                            <key>bump</key>
                                <integer>0</integer>
                            <key>colors</key>
                                <array>
                                    <real>0.74901962280273438</real>
                                    <real>0.74901962280273438</real>
                                    <real>0.74901962280273438</real>
                                    <real>1</real>
                                </array>
                            <key>fullbright</key>
                                <integer>0</integer>
                            <key>glow</key>
                                <real>0</real>
                            <key>imageid</key>
                                <uuid>36c5df91-9aef-4fbe-8660-1ddc9b08c7b4</uuid>
                            <key>imagerot</key>
                                <real>0</real>
                            <key>media_flags</key>
                                <integer>0</integer>
                            <key>offsets</key>
                                <real>0</real>
                            <key>offsett</key>
                                <real>0</real>
                            <key>scales</key>
                                <real>1</real>
                            <key>scalet</key>
                                <real>1</real>
                            </map>
                            <map>
                            <key>bump</key>
                                <integer>0</integer>
                            <key>colors</key>
                                <array>
                                    <real>0.74901962280273438</real>
                                    <real>0.74901962280273438</real>
                                    <real>0.74901962280273438</real>
                                    <real>1</real>
                                </array>
                            <key>fullbright</key>
                                <integer>0</integer>
                            <key>glow</key>
                                <real>0</real>
                            <key>imageid</key>
                                <uuid>36c5df91-9aef-4fbe-8660-1ddc9b08c7b4</uuid>
                            <key>imagerot</key>
                                <real>0</real>
                            <key>media_flags</key>
                                <integer>0</integer>
                            <key>offsets</key>
                                <real>0</real>
                            <key>offsett</key>
                                <real>0</real>
                            <key>scales</key>
                                <real>1</real>
                            <key>scalet</key>
                                <real>1</real>
                            </map>
                            <map>
                            <key>bump</key>
                                <integer>0</integer>
                            <key>colors</key>
                                <array>
                                    <real>0.74901962280273438</real>
                                    <real>0.74901962280273438</real>
                                    <real>0.74901962280273438</real>
                                    <real>1</real>
                                </array>
                            <key>fullbright</key>
                                <integer>0</integer>
                            <key>glow</key>
                                <real>0</real>
                            <key>imageid</key>
                                <uuid>36c5df91-9aef-4fbe-8660-1ddc9b08c7b4</uuid>
                            <key>imagerot</key>
                                <real>0</real>
                            <key>media_flags</key>
                                <integer>0</integer>
                            <key>offsets</key>
                                <real>0</real>
                            <key>offsett</key>
                                <real>0</real>
                            <key>scales</key>
                                <real>1</real>
                            <key>scalet</key>
                                <real>1</real>
                            </map>
                            <map>
                            <key>bump</key>
                                <integer>0</integer>
                            <key>colors</key>
                                <array>
                                    <real>0.74901962280273438</real>
                                    <real>0.74901962280273438</real>
                                    <real>0.74901962280273438</real>
                                    <real>1</real>
                                </array>
                            <key>fullbright</key>
                                <integer>0</integer>
                            <key>glow</key>
                                <real>0</real>
                            <key>imageid</key>
                                <uuid>36c5df91-9aef-4fbe-8660-1ddc9b08c7b4</uuid>
                            <key>imagerot</key>
                                <real>0</real>
                            <key>media_flags</key>
                                <integer>0</integer>
                            <key>offsets</key>
                                <real>0</real>
                            <key>offsett</key>
                                <real>0</real>
                            <key>scales</key>
                                <real>1</real>
                            <key>scalet</key>
                                <real>1</real>
                            </map>
                            <map>
                            <key>bump</key>
                                <integer>0</integer>
                            <key>colors</key>
                                <array>
                                    <real>0.74901962280273438</real>
                                    <real>0.74901962280273438</real>
                                    <real>0.74901962280273438</real>
                                    <real>1</real>
                                </array>
                            <key>fullbright</key>
                                <integer>0</integer>
                            <key>glow</key>
                                <real>0</real>
                            <key>imageid</key>
                                <uuid>36c5df91-9aef-4fbe-8660-1ddc9b08c7b4</uuid>
                            <key>imagerot</key>
                                <real>0</real>
                            <key>media_flags</key>
                                <integer>0</integer>
                            <key>offsets</key>
                                <real>0</real>
                            <key>offsett</key>
                                <real>0</real>
                            <key>scales</key>
                                <real>1</real>
                            <key>scalet</key>
                                <real>1</real>
                            </map>
                        </array>
                    <key>volume</key>
                        <map>
                        <key>path</key>
                            <map>
                            <key>begin</key>
                                <real>0</real>
                            <key>curve</key>
                                <integer>16</integer>
                            <key>end</key>
                                <real>1</real>
                            <key>radius_offset</key>
                                <real>0</real>
                            <key>revolutions</key>
                                <real>1</real>
                            <key>scale_x</key>
                                <real>0</real>
                            <key>scale_y</key>
                                <real>1</real>
                            <key>shear_x</key>
                                <real>0.44999998807907104</real>
                            <key>shear_y</key>
                                <real>0</real>
                            <key>skew</key>
                                <real>0</real>
                            <key>taper_x</key>
                                <real>0</real>
                            <key>taper_y</key>
                                <real>0</real>
                            <key>twist</key>
                                <real>0</real>
                            <key>twist_begin</key>
                                <real>0</real>
                            </map>
                        <key>profile</key>
                            <map>
                            <key>begin</key>
                                <real>0</real>
                            <key>curve</key>
                                <integer>1</integer>
                            <key>end</key>
                                <real>1</real>
                            <key>hollow</key>
                                <real>0</real>
                            </map>
                        </map>
                    </map>
                </map>
            <key>root_position</key>
                <array>
                    <real>67.97137451171875</real>
                    <real>185.18032836914063</real>
                    <real>22.124015808105469</real>
                </array>
            <key>root_rotation</key>
                <array>
                    <real>-0.0029159688856452703</real>
                    <real>-0.96464967727661133</real>
                    <real>0.26311048865318298</real>
                    <real>0.014674861915409565</real>
                </array>
            </map>
        </array>
    </map>
</llsd>
