<llsd>
    <map>
    <key>data</key>
        <array>
            <map>
            <key>group_body</key>
                <map>
                <key>1553710311</key>
                    <map>
                    <key>phantom</key>
                        <integer>0</integer>
                    <key>physical</key>
                        <integer>0</integer>
                    <key>position</key>
                        <array>
                            <real>235.486724853515625</real>
                            <real>162.795501708984375</real>
                            <real>23.0929813385009765625</real>
                        </array>
                    <key>rotation</key>
                        <array>
                            <real>0.499967157840728759765625</real>
                            <real>0.499990880489349365234375</real>
                            <real>-0.500032901763916015625</real>
                            <real>0.500009059906005859375</real>
                        </array>
                    <key>scale</key>
                        <array>
                            <real>0.5000019073486328125</real>
                            <real>1</real>
                            <real>1</real>
                        </array>
                    <key>shadows</key>
                        <integer>0</integer>
                    <key>textures</key>
                        <array>
                            <map>
                            <key>bump</key>
                                <integer>0</integer>
                            <key>colors</key>
                                <array>
                                    <real>1</real>
                                    <real>1</real>
                                    <real>1</real>
                                    <real>1</real>
                                </array>
                            <key>fullbright</key>
                                <integer>0</integer>
                            <key>glow</key>
                                <real>0</real>
                            <key>imageid</key>
                                <uuid>ce6e0543-2ff6-4592-ad7e-6e2a74e2e412</uuid>
                            <key>imagerot</key>
                                <real>0</real>
                            <key>media_flags</key>
                                <integer>0</integer>
                            <key>offsets</key>
                                <real>0</real>
                            <key>offsett</key>
                                <real>0</real>
                            <key>scales</key>
                                <real>1</real>
                            <key>scalet</key>
                                <real>4</real>
                            </map>
                            <map>
                            <key>bump</key>
                                <integer>0</integer>
                            <key>colors</key>
                                <array>
                                    <real>1</real>
                                    <real>1</real>
                                    <real>1</real>
                                    <real>1</real>
                                </array>
                            <key>fullbright</key>
                                <integer>0</integer>
                            <key>glow</key>
                                <real>0</real>
                            <key>imageid</key>
                                <uuid>a6b64374-1920-4cc3-9e98-238350020b46</uuid>
                            <key>imagerot</key>
                                <real>0</real>
                            <key>media_flags</key>
                                <integer>0</integer>
                            <key>offsets</key>
                                <real>0</real>
                            <key>offsett</key>
                                <real>0</real>
                            <key>scales</key>
                                <real>2</real>
                            <key>scalet</key>
                                <real>2</real>
                            </map>
                            <map>
                            <key>bump</key>
                                <integer>0</integer>
                            <key>colors</key>
                                <array>
                                    <real>1</real>
                                    <real>1</real>
                                    <real>1</real>
                                    <real>1</real>
                                </array>
                            <key>fullbright</key>
                                <integer>0</integer>
                            <key>glow</key>
                                <real>0</real>
                            <key>imageid</key>
                                <uuid>ce6e0543-2ff6-4592-ad7e-6e2a74e2e412</uuid>
                            <key>imagerot</key>
                                <real>0</real>
                            <key>media_flags</key>
                                <integer>0</integer>
                            <key>offsets</key>
                                <real>0</real>
                            <key>offsett</key>
                                <real>0</real>
                            <key>scales</key>
                                <real>2</real>
                            <key>scalet</key>
                                <real>4</real>
                            </map>
                            <map>
                            <key>bump</key>
                                <integer>0</integer>
                            <key>colors</key>
                                <array>
                                    <real>1</real>
                                    <real>1</real>
                                    <real>1</real>
                                    <real>1</real>
                                </array>
                            <key>fullbright</key>
                                <integer>0</integer>
                            <key>glow</key>
                                <real>0</real>
                            <key>imageid</key>
                                <uuid>a6b64374-1920-4cc3-9e98-238350020b46</uuid>
                            <key>imagerot</key>
                                <real>0</real>
                            <key>media_flags</key>
                                <integer>0</integer>
                            <key>offsets</key>
                                <real>0.5000457763671875</real>
                            <key>offsett</key>
                                <real>0</real>
                            <key>scales</key>
                                <real>0.5</real>
                            <key>scalet</key>
                                <real>4</real>
                            </map>
                            <map>
                            <key>bump</key>
                                <integer>0</integer>
                            <key>colors</key>
                                <array>
                                    <real>1</real>
                                    <real>1</real>
                                    <real>1</real>
                                    <real>1</real>
                                </array>
                            <key>fullbright</key>
                                <integer>0</integer>
                            <key>glow</key>
                                <real>0</real>
                            <key>imageid</key>
                                <uuid>a6b64374-1920-4cc3-9e98-238350020b46</uuid>
                            <key>imagerot</key>
                                <real>0</real>
                            <key>media_flags</key>
                                <integer>0</integer>
                            <key>offsets</key>
                                <real>-0.5000457763671875</real>
                            <key>offsett</key>
                                <real>0</real>
                            <key>scales</key>
                                <real>0.5</real>
                            <key>scalet</key>
                                <real>4</real>
                            </map>
                        </array>
                    <key>volume</key>
                        <map>
                        <key>path</key>
                            <map>
                            <key>begin</key>
                                <real>0</real>
                            <key>curve</key>
                                <integer>32</integer>
                            <key>end</key>
                                <real>1</real>
                            <key>radius_offset</key>
                                <real>0</real>
                            <key>revolutions</key>
                                <real>1</real>
                            <key>scale_x</key>
                                <real>1</real>
                            <key>scale_y</key>
                                <real>0.4799999892711639404296875</real>
                            <key>shear_x</key>
                                <real>0</real>
                            <key>shear_y</key>
                                <real>0</real>
                            <key>skew</key>
                                <real>0</real>
                            <key>taper_x</key>
                                <real>0</real>
                            <key>taper_y</key>
                                <real>0</real>
                            <key>twist</key>
                                <real>0</real>
                            <key>twist_begin</key>
                                <real>0</real>
                            </map>
                        <key>profile</key>
                            <map>
                            <key>begin</key>
                                <real>0.25</real>
                            <key>curve</key>
                                <integer>17</integer>
                            <key>end</key>
                                <real>0.75</real>
                            <key>hollow</key>
                                <real>0.89999997615814208984375</real>
                            </map>
                        </map>
                    </map>
                <key>1553710312</key>
                    <map>
                    <key>parent</key>
                        <string>1553710311</string>
                    <key>phantom</key>
                        <integer>0</integer>
                    <key>physical</key>
                        <integer>0</integer>
                    <key>position</key>
                        <array>
                            <real>0.375001966953277587890625</real>
                            <real>-0.4998397529125213623046875</real>
                            <real>1.143665122071979567408562e-05</real>
                        </array>
                    <key>rotation</key>
                        <array>
                            <real>-0.4999891221523284912109375</real>
                            <real>-0.5000107288360595703125</real>
                            <real>-0.4999893009662628173828125</real>
                            <real>0.50001084804534912109375</real>
                        </array>
                    <key>scale</key>
                        <array>
                            <real>0.0500030517578125</real>
                            <real>1</real>
                            <real>1</real>
                        </array>
                    <key>shadows</key>
                        <integer>0</integer>
                    <key>textures</key>
                        <array>
                            <map>
                            <key>bump</key>
                                <integer>0</integer>
                            <key>colors</key>
                                <array>
                                    <real>1</real>
                                    <real>1</real>
                                    <real>1</real>
                                    <real>1</real>
                                </array>
                            <key>fullbright</key>
                                <integer>0</integer>
                            <key>glow</key>
                                <real>0</real>
                            <key>imageid</key>
                                <uuid>a6b64374-1920-4cc3-9e98-238350020b46</uuid>
                            <key>imagerot</key>
                                <real>0</real>
                            <key>media_flags</key>
                                <integer>0</integer>
                            <key>offsets</key>
                                <real>0</real>
                            <key>offsett</key>
                                <real>0</real>
                            <key>scales</key>
                                <real>1</real>
                            <key>scalet</key>
                                <real>1</real>
                            </map>
                            <map>
                            <key>bump</key>
                                <integer>0</integer>
                            <key>colors</key>
                                <array>
                                    <real>1</real>
                                    <real>1</real>
                                    <real>1</real>
                                    <real>1</real>
                                </array>
                            <key>fullbright</key>
                                <integer>0</integer>
                            <key>glow</key>
                                <real>0</real>
                            <key>imageid</key>
                                <uuid>a6b64374-1920-4cc3-9e98-238350020b46</uuid>
                            <key>imagerot</key>
                                <real>0</real>
                            <key>media_flags</key>
                                <integer>0</integer>
                            <key>offsets</key>
                                <real>-0.5000457763671875</real>
                            <key>offsett</key>
                                <real>0</real>
                            <key>scales</key>
                                <real>0.1000000014901161193847656</real>
                            <key>scalet</key>
                                <real>4</real>
                            </map>
                            <map>
                            <key>bump</key>
                                <integer>0</integer>
                            <key>colors</key>
                                <array>
                                    <real>1</real>
                                    <real>1</real>
                                    <real>1</real>
                                    <real>1</real>
                                </array>
                            <key>fullbright</key>
                                <integer>0</integer>
                            <key>glow</key>
                                <real>0</real>
                            <key>imageid</key>
                                <uuid>a6b64374-1920-4cc3-9e98-238350020b46</uuid>
                            <key>imagerot</key>
                                <real>0</real>
                            <key>media_flags</key>
                                <integer>0</integer>
                            <key>offsets</key>
                                <real>-0.5000457763671875</real>
                            <key>offsett</key>
                                <real>0</real>
                            <key>scales</key>
                                <real>0.1000000014901161193847656</real>
                            <key>scalet</key>
                                <real>4</real>
                            </map>
                            <map>
                            <key>bump</key>
                                <integer>0</integer>
                            <key>colors</key>
                                <array>
                                    <real>1</real>
                                    <real>1</real>
                                    <real>1</real>
                                    <real>1</real>
                                </array>
                            <key>fullbright</key>
                                <integer>0</integer>
                            <key>glow</key>
                                <real>0</real>
                            <key>imageid</key>
                                <uuid>a6b64374-1920-4cc3-9e98-238350020b46</uuid>
                            <key>imagerot</key>
                                <real>0</real>
                            <key>media_flags</key>
                                <integer>0</integer>
                            <key>offsets</key>
                                <real>-0.5000457763671875</real>
                            <key>offsett</key>
                                <real>0</real>
                            <key>scales</key>
                                <real>0.1000000014901161193847656</real>
                            <key>scalet</key>
                                <real>4</real>
                            </map>
                            <map>
                            <key>bump</key>
                                <integer>0</integer>
                            <key>colors</key>
                                <array>
                                    <real>1</real>
                                    <real>1</real>
                                    <real>1</real>
                                    <real>1</real>
                                </array>
                            <key>fullbright</key>
                                <integer>0</integer>
                            <key>glow</key>
                                <real>0</real>
                            <key>imageid</key>
                                <uuid>a6b64374-1920-4cc3-9e98-238350020b46</uuid>
                            <key>imagerot</key>
                                <real>0</real>
                            <key>media_flags</key>
                                <integer>0</integer>
                            <key>offsets</key>
                                <real>-0.5000457763671875</real>
                            <key>offsett</key>
                                <real>0</real>
                            <key>scales</key>
                                <real>0.1000000014901161193847656</real>
                            <key>scalet</key>
                                <real>4</real>
                            </map>
                            <map>
                            <key>bump</key>
                                <integer>0</integer>
                            <key>colors</key>
                                <array>
                                    <real>1</real>
                                    <real>1</real>
                                    <real>1</real>
                                    <real>1</real>
                                </array>
                            <key>fullbright</key>
                                <integer>0</integer>
                            <key>glow</key>
                                <real>0</real>
                            <key>imageid</key>
                                <uuid>a6b64374-1920-4cc3-9e98-238350020b46</uuid>
                            <key>imagerot</key>
                                <real>0</real>
                            <key>media_flags</key>
                                <integer>0</integer>
                            <key>offsets</key>
                                <real>0</real>
                            <key>offsett</key>
                                <real>0</real>
                            <key>scales</key>
                                <real>1</real>
                            <key>scalet</key>
                                <real>1</real>
                            </map>
                        </array>
                    <key>volume</key>
                        <map>
                        <key>path</key>
                            <map>
                            <key>begin</key>
                                <real>0.04999999701976776123046875</real>
                            <key>curve</key>
                                <integer>32</integer>
                            <key>end</key>
                                <real>0.449999988079071044921875</real>
                            <key>radius_offset</key>
                                <real>0</real>
                            <key>revolutions</key>
                                <real>1</real>
                            <key>scale_x</key>
                                <real>1</real>
                            <key>scale_y</key>
                                <real>0.04999999701976776123046875</real>
                            <key>shear_x</key>
                                <real>0</real>
                            <key>shear_y</key>
                                <real>-0.5</real>
                            <key>skew</key>
                                <real>0</real>
                            <key>taper_x</key>
                                <real>0</real>
                            <key>taper_y</key>
                                <real>0</real>
                            <key>twist</key>
                                <real>0</real>
                            <key>twist_begin</key>
                                <real>0</real>
                            </map>
                        <key>profile</key>
                            <map>
                            <key>begin</key>
                                <real>0</real>
                            <key>curve</key>
                                <integer>1</integer>
                            <key>end</key>
                                <real>1</real>
                            <key>hollow</key>
                                <real>0</real>
                            </map>
                        </map>
                    </map>
                <key>1553710313</key>
                    <map>
                    <key>parent</key>
                        <string>1553710311</string>
                    <key>phantom</key>
                        <integer>0</integer>
                    <key>physical</key>
                        <integer>0</integer>
                    <key>position</key>
                        <array>
                            <real>0.3750018775463104248046875</real>
                            <real>1.490138679116626008180901e-08</real>
                            <real>0.5</real>
                        </array>
                    <key>rotation</key>
                        <array>
                            <real>-0.70710670948028564453125</real>
                            <real>-0.7071068286895751953125</real>
                            <real>1.512613016529940068721771e-05</real>
                            <real>0</real>
                        </array>
                    <key>scale</key>
                        <array>
                            <real>0.0500030517578125</real>
                            <real>1</real>
                            <real>1</real>
                        </array>
                    <key>shadows</key>
                        <integer>0</integer>
                    <key>textures</key>
                        <array>
                            <map>
                            <key>bump</key>
                                <integer>0</integer>
                            <key>colors</key>
                                <array>
                                    <real>1</real>
                                    <real>1</real>
                                    <real>1</real>
                                    <real>1</real>
                                </array>
                            <key>fullbright</key>
                                <integer>0</integer>
                            <key>glow</key>
                                <real>0</real>
                            <key>imageid</key>
                                <uuid>a6b64374-1920-4cc3-9e98-238350020b46</uuid>
                            <key>imagerot</key>
                                <real>0</real>
                            <key>media_flags</key>
                                <integer>0</integer>
                            <key>offsets</key>
                                <real>0</real>
                            <key>offsett</key>
                                <real>0</real>
                            <key>scales</key>
                                <real>1</real>
                            <key>scalet</key>
                                <real>1</real>
                            </map>
                            <map>
                            <key>bump</key>
                                <integer>0</integer>
                            <key>colors</key>
                                <array>
                                    <real>1</real>
                                    <real>1</real>
                                    <real>1</real>
                                    <real>1</real>
                                </array>
                            <key>fullbright</key>
                                <integer>0</integer>
                            <key>glow</key>
                                <real>0</real>
                            <key>imageid</key>
                                <uuid>a6b64374-1920-4cc3-9e98-238350020b46</uuid>
                            <key>imagerot</key>
                                <real>0</real>
                            <key>media_flags</key>
                                <integer>0</integer>
                            <key>offsets</key>
                                <real>-0.5000457763671875</real>
                            <key>offsett</key>
                                <real>0</real>
                            <key>scales</key>
                                <real>0.1000000014901161193847656</real>
                            <key>scalet</key>
                                <real>4</real>
                            </map>
                            <map>
                            <key>bump</key>
                                <integer>0</integer>
                            <key>colors</key>
                                <array>
                                    <real>1</real>
                                    <real>1</real>
                                    <real>1</real>
                                    <real>1</real>
                                </array>
                            <key>fullbright</key>
                                <integer>0</integer>
                            <key>glow</key>
                                <real>0</real>
                            <key>imageid</key>
                                <uuid>a6b64374-1920-4cc3-9e98-238350020b46</uuid>
                            <key>imagerot</key>
                                <real>0</real>
                            <key>media_flags</key>
                                <integer>0</integer>
                            <key>offsets</key>
                                <real>-0.5000457763671875</real>
                            <key>offsett</key>
                                <real>0</real>
                            <key>scales</key>
                                <real>0.1000000014901161193847656</real>
                            <key>scalet</key>
                                <real>4</real>
                            </map>
                            <map>
                            <key>bump</key>
                                <integer>0</integer>
                            <key>colors</key>
                                <array>
                                    <real>1</real>
                                    <real>1</real>
                                    <real>1</real>
                                    <real>1</real>
                                </array>
                            <key>fullbright</key>
                                <integer>0</integer>
                            <key>glow</key>
                                <real>0</real>
                            <key>imageid</key>
                                <uuid>a6b64374-1920-4cc3-9e98-238350020b46</uuid>
                            <key>imagerot</key>
                                <real>0</real>
                            <key>media_flags</key>
                                <integer>0</integer>
                            <key>offsets</key>
                                <real>-0.5000457763671875</real>
                            <key>offsett</key>
                                <real>0</real>
                            <key>scales</key>
                                <real>0.1000000014901161193847656</real>
                            <key>scalet</key>
                                <real>4</real>
                            </map>
                            <map>
                            <key>bump</key>
                                <integer>0</integer>
                            <key>colors</key>
                                <array>
                                    <real>1</real>
                                    <real>1</real>
                                    <real>1</real>
                                    <real>1</real>
                                </array>
                            <key>fullbright</key>
                                <integer>0</integer>
                            <key>glow</key>
                                <real>0</real>
                            <key>imageid</key>
                                <uuid>a6b64374-1920-4cc3-9e98-238350020b46</uuid>
                            <key>imagerot</key>
                                <real>0</real>
                            <key>media_flags</key>
                                <integer>0</integer>
                            <key>offsets</key>
                                <real>-0.5000457763671875</real>
                            <key>offsett</key>
                                <real>0</real>
                            <key>scales</key>
                                <real>0.1000000014901161193847656</real>
                            <key>scalet</key>
                                <real>4</real>
                            </map>
                            <map>
                            <key>bump</key>
                                <integer>0</integer>
                            <key>colors</key>
                                <array>
                                    <real>1</real>
                                    <real>1</real>
                                    <real>1</real>
                                    <real>1</real>
                                </array>
                            <key>fullbright</key>
                                <integer>0</integer>
                            <key>glow</key>
                                <real>0</real>
                            <key>imageid</key>
                                <uuid>a6b64374-1920-4cc3-9e98-238350020b46</uuid>
                            <key>imagerot</key>
                                <real>0</real>
                            <key>media_flags</key>
                                <integer>0</integer>
                            <key>offsets</key>
                                <real>0</real>
                            <key>offsett</key>
                                <real>0</real>
                            <key>scales</key>
                                <real>1</real>
                            <key>scalet</key>
                                <real>1</real>
                            </map>
                        </array>
                    <key>volume</key>
                        <map>
                        <key>path</key>
                            <map>
                            <key>begin</key>
                                <real>0.04999999701976776123046875</real>
                            <key>curve</key>
                                <integer>32</integer>
                            <key>end</key>
                                <real>0.449999988079071044921875</real>
                            <key>radius_offset</key>
                                <real>0</real>
                            <key>revolutions</key>
                                <real>1</real>
                            <key>scale_x</key>
                                <real>1</real>
                            <key>scale_y</key>
                                <real>0.04999999701976776123046875</real>
                            <key>shear_x</key>
                                <real>0</real>
                            <key>shear_y</key>
                                <real>-0.5</real>
                            <key>skew</key>
                                <real>0</real>
                            <key>taper_x</key>
                                <real>0</real>
                            <key>taper_y</key>
                                <real>0</real>
                            <key>twist</key>
                                <real>0</real>
                            <key>twist_begin</key>
                                <real>0</real>
                            </map>
                        <key>profile</key>
                            <map>
                            <key>begin</key>
                                <real>0</real>
                            <key>curve</key>
                                <integer>1</integer>
                            <key>end</key>
                                <real>1</real>
                            <key>hollow</key>
                                <real>0</real>
                            </map>
                        </map>
                    </map>
                <key>1553710314</key>
                    <map>
                    <key>parent</key>
                        <string>1553710311</string>
                    <key>phantom</key>
                        <integer>0</integer>
                    <key>physical</key>
                        <integer>0</integer>
                    <key>position</key>
                        <array>
                            <real>0.3750019371509552001953125</real>
                            <real>7.450603334291372448205948e-08</real>
                            <real>-0.4999999701976776123046875</real>
                        </array>
                    <key>rotation</key>
                        <array>
                            <real>4.214684778958144306670874e-08</real>
                            <real>0</real>
                            <real>-0.70710670948028564453125</real>
                            <real>0.707106888294219970703125</real>
                        </array>
                    <key>scale</key>
                        <array>
                            <real>0.0500030517578125</real>
                            <real>1</real>
                            <real>1</real>
                        </array>
                    <key>shadows</key>
                        <integer>0</integer>
                    <key>textures</key>
                        <array>
                            <map>
                            <key>bump</key>
                                <integer>0</integer>
                            <key>colors</key>
                                <array>
                                    <real>1</real>
                                    <real>1</real>
                                    <real>1</real>
                                    <real>1</real>
                                </array>
                            <key>fullbright</key>
                                <integer>0</integer>
                            <key>glow</key>
                                <real>0</real>
                            <key>imageid</key>
                                <uuid>a6b64374-1920-4cc3-9e98-238350020b46</uuid>
                            <key>imagerot</key>
                                <real>0</real>
                            <key>media_flags</key>
                                <integer>0</integer>
                            <key>offsets</key>
                                <real>0</real>
                            <key>offsett</key>
                                <real>0</real>
                            <key>scales</key>
                                <real>1</real>
                            <key>scalet</key>
                                <real>1</real>
                            </map>
                            <map>
                            <key>bump</key>
                                <integer>0</integer>
                            <key>colors</key>
                                <array>
                                    <real>1</real>
                                    <real>1</real>
                                    <real>1</real>
                                    <real>1</real>
                                </array>
                            <key>fullbright</key>
                                <integer>0</integer>
                            <key>glow</key>
                                <real>0</real>
                            <key>imageid</key>
                                <uuid>a6b64374-1920-4cc3-9e98-238350020b46</uuid>
                            <key>imagerot</key>
                                <real>0</real>
                            <key>media_flags</key>
                                <integer>0</integer>
                            <key>offsets</key>
                                <real>-0.5000457763671875</real>
                            <key>offsett</key>
                                <real>0</real>
                            <key>scales</key>
                                <real>0.1000000014901161193847656</real>
                            <key>scalet</key>
                                <real>4</real>
                            </map>
                            <map>
                            <key>bump</key>
                                <integer>0</integer>
                            <key>colors</key>
                                <array>
                                    <real>1</real>
                                    <real>1</real>
                                    <real>1</real>
                                    <real>1</real>
                                </array>
                            <key>fullbright</key>
                                <integer>0</integer>
                            <key>glow</key>
                                <real>0</real>
                            <key>imageid</key>
                                <uuid>a6b64374-1920-4cc3-9e98-238350020b46</uuid>
                            <key>imagerot</key>
                                <real>0</real>
                            <key>media_flags</key>
                                <integer>0</integer>
                            <key>offsets</key>
                                <real>-0.5000457763671875</real>
                            <key>offsett</key>
                                <real>0</real>
                            <key>scales</key>
                                <real>0.1000000014901161193847656</real>
                            <key>scalet</key>
                                <real>4</real>
                            </map>
                            <map>
                            <key>bump</key>
                                <integer>0</integer>
                            <key>colors</key>
                                <array>
                                    <real>1</real>
                                    <real>1</real>
                                    <real>1</real>
                                    <real>1</real>
                                </array>
                            <key>fullbright</key>
                                <integer>0</integer>
                            <key>glow</key>
                                <real>0</real>
                            <key>imageid</key>
                                <uuid>a6b64374-1920-4cc3-9e98-238350020b46</uuid>
                            <key>imagerot</key>
                                <real>0</real>
                            <key>media_flags</key>
                                <integer>0</integer>
                            <key>offsets</key>
                                <real>-0.5000457763671875</real>
                            <key>offsett</key>
                                <real>0</real>
                            <key>scales</key>
                                <real>0.1000000014901161193847656</real>
                            <key>scalet</key>
                                <real>4</real>
                            </map>
                            <map>
                            <key>bump</key>
                                <integer>0</integer>
                            <key>colors</key>
                                <array>
                                    <real>1</real>
                                    <real>1</real>
                                    <real>1</real>
                                    <real>1</real>
                                </array>
                            <key>fullbright</key>
                                <integer>0</integer>
                            <key>glow</key>
                                <real>0</real>
                            <key>imageid</key>
                                <uuid>a6b64374-1920-4cc3-9e98-238350020b46</uuid>
                            <key>imagerot</key>
                                <real>0</real>
                            <key>media_flags</key>
                                <integer>0</integer>
                            <key>offsets</key>
                                <real>-0.5000457763671875</real>
                            <key>offsett</key>
                                <real>0</real>
                            <key>scales</key>
                                <real>0.1000000014901161193847656</real>
                            <key>scalet</key>
                                <real>4</real>
                            </map>
                            <map>
                            <key>bump</key>
                                <integer>0</integer>
                            <key>colors</key>
                                <array>
                                    <real>1</real>
                                    <real>1</real>
                                    <real>1</real>
                                    <real>1</real>
                                </array>
                            <key>fullbright</key>
                                <integer>0</integer>
                            <key>glow</key>
                                <real>0</real>
                            <key>imageid</key>
                                <uuid>a6b64374-1920-4cc3-9e98-238350020b46</uuid>
                            <key>imagerot</key>
                                <real>0</real>
                            <key>media_flags</key>
                                <integer>0</integer>
                            <key>offsets</key>
                                <real>0</real>
                            <key>offsett</key>
                                <real>0</real>
                            <key>scales</key>
                                <real>1</real>
                            <key>scalet</key>
                                <real>1</real>
                            </map>
                        </array>
                    <key>volume</key>
                        <map>
                        <key>path</key>
                            <map>
                            <key>begin</key>
                                <real>0.04999999701976776123046875</real>
                            <key>curve</key>
                                <integer>32</integer>
                            <key>end</key>
                                <real>0.449999988079071044921875</real>
                            <key>radius_offset</key>
                                <real>0</real>
                            <key>revolutions</key>
                                <real>1</real>
                            <key>scale_x</key>
                                <real>1</real>
                            <key>scale_y</key>
                                <real>0.04999999701976776123046875</real>
                            <key>shear_x</key>
                                <real>0</real>
                            <key>shear_y</key>
                                <real>-0.5</real>
                            <key>skew</key>
                                <real>0</real>
                            <key>taper_x</key>
                                <real>0</real>
                            <key>taper_y</key>
                                <real>0</real>
                            <key>twist</key>
                                <real>0</real>
                            <key>twist_begin</key>
                                <real>0</real>
                            </map>
                        <key>profile</key>
                            <map>
                            <key>begin</key>
                                <real>0</real>
                            <key>curve</key>
                                <integer>1</integer>
                            <key>end</key>
                                <real>1</real>
                            <key>hollow</key>
                                <real>0</real>
                            </map>
                        </map>
                    </map>
                <key>1553710315</key>
                    <map>
                    <key>parent</key>
                        <string>1553710311</string>
                    <key>phantom</key>
                        <integer>0</integer>
                    <key>physical</key>
                        <integer>0</integer>
                    <key>position</key>
                        <array>
                            <real>0.375001847743988037109375</real>
                            <real>0.500167906284332275390625</real>
                            <real>1.149625586549518629908562e-05</real>
                        </array>
                    <key>rotation</key>
                        <array>
                            <real>0.5</real>
                            <real>0.5</real>
                            <real>-0.499999940395355224609375</real>
                            <real>0.500000059604644775390625</real>
                        </array>
                    <key>scale</key>
                        <array>
                            <real>0.0500030517578125</real>
                            <real>1</real>
                            <real>1</real>
                        </array>
                    <key>shadows</key>
                        <integer>0</integer>
                    <key>textures</key>
                        <array>
                            <map>
                            <key>bump</key>
                                <integer>0</integer>
                            <key>colors</key>
                                <array>
                                    <real>1</real>
                                    <real>1</real>
                                    <real>1</real>
                                    <real>1</real>
                                </array>
                            <key>fullbright</key>
                                <integer>0</integer>
                            <key>glow</key>
                                <real>0</real>
                            <key>imageid</key>
                                <uuid>a6b64374-1920-4cc3-9e98-238350020b46</uuid>
                            <key>imagerot</key>
                                <real>0</real>
                            <key>media_flags</key>
                                <integer>0</integer>
                            <key>offsets</key>
                                <real>0</real>
                            <key>offsett</key>
                                <real>0</real>
                            <key>scales</key>
                                <real>1</real>
                            <key>scalet</key>
                                <real>1</real>
                            </map>
                            <map>
                            <key>bump</key>
                                <integer>0</integer>
                            <key>colors</key>
                                <array>
                                    <real>1</real>
                                    <real>1</real>
                                    <real>1</real>
                                    <real>1</real>
                                </array>
                            <key>fullbright</key>
                                <integer>0</integer>
                            <key>glow</key>
                                <real>0</real>
                            <key>imageid</key>
                                <uuid>a6b64374-1920-4cc3-9e98-238350020b46</uuid>
                            <key>imagerot</key>
                                <real>0</real>
                            <key>media_flags</key>
                                <integer>0</integer>
                            <key>offsets</key>
                                <real>-0.5000457763671875</real>
                            <key>offsett</key>
                                <real>0</real>
                            <key>scales</key>
                                <real>0.1000000014901161193847656</real>
                            <key>scalet</key>
                                <real>4</real>
                            </map>
                            <map>
                            <key>bump</key>
                                <integer>0</integer>
                            <key>colors</key>
                                <array>
                                    <real>1</real>
                                    <real>1</real>
                                    <real>1</real>
                                    <real>1</real>
                                </array>
                            <key>fullbright</key>
                                <integer>0</integer>
                            <key>glow</key>
                                <real>0</real>
                            <key>imageid</key>
                                <uuid>a6b64374-1920-4cc3-9e98-238350020b46</uuid>
                            <key>imagerot</key>
                                <real>0</real>
                            <key>media_flags</key>
                                <integer>0</integer>
                            <key>offsets</key>
                                <real>-0.5000457763671875</real>
                            <key>offsett</key>
                                <real>0</real>
                            <key>scales</key>
                                <real>0.1000000014901161193847656</real>
                            <key>scalet</key>
                                <real>4</real>
                            </map>
                            <map>
                            <key>bump</key>
                                <integer>0</integer>
                            <key>colors</key>
                                <array>
                                    <real>1</real>
                                    <real>1</real>
                                    <real>1</real>
                                    <real>1</real>
                                </array>
                            <key>fullbright</key>
                                <integer>0</integer>
                            <key>glow</key>
                                <real>0</real>
                            <key>imageid</key>
                                <uuid>a6b64374-1920-4cc3-9e98-238350020b46</uuid>
                            <key>imagerot</key>
                                <real>0</real>
                            <key>media_flags</key>
                                <integer>0</integer>
                            <key>offsets</key>
                                <real>-0.5000457763671875</real>
                            <key>offsett</key>
                                <real>0</real>
                            <key>scales</key>
                                <real>0.1000000014901161193847656</real>
                            <key>scalet</key>
                                <real>4</real>
                            </map>
                            <map>
                            <key>bump</key>
                                <integer>0</integer>
                            <key>colors</key>
                                <array>
                                    <real>1</real>
                                    <real>1</real>
                                    <real>1</real>
                                    <real>1</real>
                                </array>
                            <key>fullbright</key>
                                <integer>0</integer>
                            <key>glow</key>
                                <real>0</real>
                            <key>imageid</key>
                                <uuid>a6b64374-1920-4cc3-9e98-238350020b46</uuid>
                            <key>imagerot</key>
                                <real>0</real>
                            <key>media_flags</key>
                                <integer>0</integer>
                            <key>offsets</key>
                                <real>-0.5000457763671875</real>
                            <key>offsett</key>
                                <real>0</real>
                            <key>scales</key>
                                <real>0.1000000014901161193847656</real>
                            <key>scalet</key>
                                <real>4</real>
                            </map>
                            <map>
                            <key>bump</key>
                                <integer>0</integer>
                            <key>colors</key>
                                <array>
                                    <real>1</real>
                                    <real>1</real>
                                    <real>1</real>
                                    <real>1</real>
                                </array>
                            <key>fullbright</key>
                                <integer>0</integer>
                            <key>glow</key>
                                <real>0</real>
                            <key>imageid</key>
                                <uuid>a6b64374-1920-4cc3-9e98-238350020b46</uuid>
                            <key>imagerot</key>
                                <real>0</real>
                            <key>media_flags</key>
                                <integer>0</integer>
                            <key>offsets</key>
                                <real>0</real>
                            <key>offsett</key>
                                <real>0</real>
                            <key>scales</key>
                                <real>1</real>
                            <key>scalet</key>
                                <real>1</real>
                            </map>
                        </array>
                    <key>volume</key>
                        <map>
                        <key>path</key>
                            <map>
                            <key>begin</key>
                                <real>0.04999999701976776123046875</real>
                            <key>curve</key>
                                <integer>32</integer>
                            <key>end</key>
                                <real>0.449999988079071044921875</real>
                            <key>radius_offset</key>
                                <real>0</real>
                            <key>revolutions</key>
                                <real>1</real>
                            <key>scale_x</key>
                                <real>1</real>
                            <key>scale_y</key>
                                <real>0.04999999701976776123046875</real>
                            <key>shear_x</key>
                                <real>0</real>
                            <key>shear_y</key>
                                <real>-0.5</real>
                            <key>skew</key>
                                <real>0</real>
                            <key>taper_x</key>
                                <real>0</real>
                            <key>taper_y</key>
                                <real>0</real>
                            <key>twist</key>
                                <real>0</real>
                            <key>twist_begin</key>
                                <real>0</real>
                            </map>
                        <key>profile</key>
                            <map>
                            <key>begin</key>
                                <real>0</real>
                            <key>curve</key>
                                <integer>1</integer>
                            <key>end</key>
                                <real>1</real>
                            <key>hollow</key>
                                <real>0</real>
                            </map>
                        </map>
                    </map>
                </map>
            <key>root_position</key>
                <array>
                    <real>235.486724853515625</real>
                    <real>162.795501708984375</real>
                    <real>23.0929813385009765625</real>
                </array>
            <key>root_rotation</key>
                <array>
                    <real>0.499967157840728759765625</real>
                    <real>0.499990880489349365234375</real>
                    <real>-0.500032901763916015625</real>
                    <real>0.500009059906005859375</real>
                </array>
            </map>
        </array>
    </map>
</llsd>
