<llsd>
    <map>
    <key>data</key>
        <array>
            <map>
            <key>group_body</key>
                <map>
                <key>2593848275</key>
                    <map>
                    <key>phantom</key>
                        <integer>0</integer>
                    <key>physical</key>
                        <integer>0</integer>
                    <key>position</key>
                        <array>
                            <real>153.19174194335937</real>
                            <real>30.460933685302734</real>
                            <real>21.735622406005859</real>
                        </array>
                    <key>rotation</key>
                        <array>
                            <real>0</real>
                            <real>0</real>
                            <real>-0.85377806425094604</real>
                            <real>0.5206371545791626</real>
                        </array>
                    <key>scale</key>
                        <array>
                            <real>1.3997570276260376</real>
                            <real>1.2810512781143188</real>
                            <real>1.3997570276260376</real>
                        </array>
                    <key>sculpt</key>
                        <map>
                        <key>texture</key>
                            <uuid>1c65a996-234d-4d88-94f5-5d66865e5cde</uuid>
                        <key>type</key>
                            <integer>1</integer>
                        </map>
                    <key>shadows</key>
                        <integer>0</integer>
                    <key>textures</key>
                        <array>
                            <map>
                            <key>bump</key>
                                <integer>0</integer>
                            <key>colors</key>
                                <array>
                                    <real>1</real>
                                    <real>1</real>
                                    <real>1</real>
                                    <real>1</real>
                                </array>
                            <key>fullbright</key>
                                <integer>0</integer>
                            <key>glow</key>
                                <real>0</real>
                            <key>imageid</key>
                                <uuid>fa4c90a9-15fa-4071-93fd-7969a5b9b350</uuid>
                            <key>imagerot</key>
                                <real>0</real>
                            <key>media_flags</key>
                                <integer>0</integer>
                            <key>offsets</key>
                                <real>0</real>
                            <key>offsett</key>
                                <real>0</real>
                            <key>scales</key>
                                <real>3</real>
                            <key>scalet</key>
                                <real>3</real>
                            </map>
                        </array>
                    <key>volume</key>
                        <map>
                        <key>path</key>
                            <map>
                            <key>begin</key>
                                <real>0</real>
                            <key>curve</key>
                                <integer>32</integer>
                            <key>end</key>
                                <real>1</real>
                            <key>radius_offset</key>
                                <real>0</real>
                            <key>revolutions</key>
                                <real>1</real>
                            <key>scale_x</key>
                                <real>1</real>
                            <key>scale_y</key>
                                <real>0.5</real>
                            <key>shear_x</key>
                                <real>0</real>
                            <key>shear_y</key>
                                <real>0</real>
                            <key>skew</key>
                                <real>0</real>
                            <key>taper_x</key>
                                <real>0</real>
                            <key>taper_y</key>
                                <real>0</real>
                            <key>twist</key>
                                <real>0</real>
                            <key>twist_begin</key>
                                <real>0</real>
                            </map>
                        <key>profile</key>
                            <map>
                            <key>begin</key>
                                <real>0</real>
                            <key>curve</key>
                                <integer>0</integer>
                            <key>end</key>
                                <real>1</real>
                            <key>hollow</key>
                                <real>0</real>
                            </map>
                        </map>
                    </map>
                </map>
            <key>root_position</key>
                <array>
                    <real>153.19174194335937</real>
                    <real>30.460933685302734</real>
                    <real>21.735622406005859</real>
                </array>
            <key>root_rotation</key>
                <array>
                    <real>0</real>
                    <real>0</real>
                    <real>-0.85377806425094604</real>
                    <real>0.5206371545791626</real>
                </array>
            </map>
            <map>
            <key>group_body</key>
                <map>
                <key>2593848277</key>
                    <map>
                    <key>phantom</key>
                        <integer>0</integer>
                    <key>physical</key>
                        <integer>0</integer>
                    <key>position</key>
                        <array>
                            <real>153.19174194335937</real>
                            <real>32.047187805175781</real>
                            <real>21.735622406005859</real>
                        </array>
                    <key>rotation</key>
                        <array>
                            <real>0</real>
                            <real>0</real>
                            <real>-0.85377806425094604</real>
                            <real>0.5206371545791626</real>
                        </array>
                    <key>scale</key>
                        <array>
                            <real>1.3997570276260376</real>
                            <real>1.2810512781143188</real>
                            <real>1.3997570276260376</real>
                        </array>
                    <key>sculpt</key>
                        <map>
                        <key>texture</key>
                            <uuid>1c65a996-234d-4d88-94f5-5d66865e5cde</uuid>
                        <key>type</key>
                            <integer>1</integer>
                        </map>
                    <key>shadows</key>
                        <integer>0</integer>
                    <key>textures</key>
                        <array>
                            <map>
                            <key>bump</key>
                                <integer>0</integer>
                            <key>colors</key>
                                <array>
                                    <real>1</real>
                                    <real>1</real>
                                    <real>1</real>
                                    <real>1</real>
                                </array>
                            <key>fullbright</key>
                                <integer>0</integer>
                            <key>glow</key>
                                <real>0</real>
                            <key>imageid</key>
                                <uuid>7aa42ea6-48f7-4902-be53-63ab2b8f6a63</uuid>
                            <key>imagerot</key>
                                <real>0</real>
                            <key>media_flags</key>
                                <integer>0</integer>
                            <key>offsets</key>
                                <real>0</real>
                            <key>offsett</key>
                                <real>0</real>
                            <key>scales</key>
                                <real>1</real>
                            <key>scalet</key>
                                <real>1</real>
                            </map>
                        </array>
                    <key>volume</key>
                        <map>
                        <key>path</key>
                            <map>
                            <key>begin</key>
                                <real>0</real>
                            <key>curve</key>
                                <integer>32</integer>
                            <key>end</key>
                                <real>1</real>
                            <key>radius_offset</key>
                                <real>0</real>
                            <key>revolutions</key>
                                <real>1</real>
                            <key>scale_x</key>
                                <real>1</real>
                            <key>scale_y</key>
                                <real>0.5</real>
                            <key>shear_x</key>
                                <real>0</real>
                            <key>shear_y</key>
                                <real>0</real>
                            <key>skew</key>
                                <real>0</real>
                            <key>taper_x</key>
                                <real>0</real>
                            <key>taper_y</key>
                                <real>0</real>
                            <key>twist</key>
                                <real>0</real>
                            <key>twist_begin</key>
                                <real>0</real>
                            </map>
                        <key>profile</key>
                            <map>
                            <key>begin</key>
                                <real>0</real>
                            <key>curve</key>
                                <integer>0</integer>
                            <key>end</key>
                                <real>1</real>
                            <key>hollow</key>
                                <real>0</real>
                            </map>
                        </map>
                    </map>
                </map>
            <key>root_position</key>
                <array>
                    <real>153.19174194335937</real>
                    <real>32.047187805175781</real>
                    <real>21.735622406005859</real>
                </array>
            <key>root_rotation</key>
                <array>
                    <real>0</real>
                    <real>0</real>
                    <real>-0.85377806425094604</real>
                    <real>0.5206371545791626</real>
                </array>
            </map>
            <map>
            <key>group_body</key>
                <map>
                <key>2593848280</key>
                    <map>
                    <key>phantom</key>
                        <integer>0</integer>
                    <key>physical</key>
                        <integer>0</integer>
                    <key>position</key>
                        <array>
                            <real>153.86618041992187</real>
                            <real>34.199272155761719</real>
                            <real>21.735622406005859</real>
                        </array>
                    <key>rotation</key>
                        <array>
                            <real>0</real>
                            <real>0</real>
                            <real>-0.54190957546234131</real>
                            <real>0.84043681621551514</real>
                        </array>
                    <key>scale</key>
                        <array>
                            <real>1.3997570276260376</real>
                            <real>1.2810512781143188</real>
                            <real>1.3997570276260376</real>
                        </array>
                    <key>sculpt</key>
                        <map>
                        <key>texture</key>
                            <uuid>1c65a996-234d-4d88-94f5-5d66865e5cde</uuid>
                        <key>type</key>
                            <integer>1</integer>
                        </map>
                    <key>shadows</key>
                        <integer>0</integer>
                    <key>textures</key>
                        <array>
                            <map>
                            <key>bump</key>
                                <integer>0</integer>
                            <key>colors</key>
                                <array>
                                    <real>1</real>
                                    <real>1</real>
                                    <real>1</real>
                                    <real>1</real>
                                </array>
                            <key>fullbright</key>
                                <integer>0</integer>
                            <key>glow</key>
                                <real>0</real>
                            <key>imageid</key>
                                <uuid>903b0488-d024-44d3-a024-1cbbfc725398</uuid>
                            <key>imagerot</key>
                                <real>0</real>
                            <key>media_flags</key>
                                <integer>0</integer>
                            <key>offsets</key>
                                <real>0</real>
                            <key>offsett</key>
                                <real>0</real>
                            <key>scales</key>
                                <real>1</real>
                            <key>scalet</key>
                                <real>1</real>
                            </map>
                        </array>
                    <key>volume</key>
                        <map>
                        <key>path</key>
                            <map>
                            <key>begin</key>
                                <real>0</real>
                            <key>curve</key>
                                <integer>32</integer>
                            <key>end</key>
                                <real>1</real>
                            <key>radius_offset</key>
                                <real>0</real>
                            <key>revolutions</key>
                                <real>1</real>
                            <key>scale_x</key>
                                <real>1</real>
                            <key>scale_y</key>
                                <real>0.5</real>
                            <key>shear_x</key>
                                <real>0</real>
                            <key>shear_y</key>
                                <real>0</real>
                            <key>skew</key>
                                <real>0</real>
                            <key>taper_x</key>
                                <real>0</real>
                            <key>taper_y</key>
                                <real>0</real>
                            <key>twist</key>
                                <real>0</real>
                            <key>twist_begin</key>
                                <real>0</real>
                            </map>
                        <key>profile</key>
                            <map>
                            <key>begin</key>
                                <real>0</real>
                            <key>curve</key>
                                <integer>0</integer>
                            <key>end</key>
                                <real>1</real>
                            <key>hollow</key>
                                <real>0</real>
                            </map>
                        </map>
                    </map>
                </map>
            <key>root_position</key>
                <array>
                    <real>153.86618041992187</real>
                    <real>34.199272155761719</real>
                    <real>21.735622406005859</real>
                </array>
            <key>root_rotation</key>
                <array>
                    <real>0</real>
                    <real>0</real>
                    <real>-0.54190957546234131</real>
                    <real>0.84043681621551514</real>
                </array>
            </map>
            <map>
            <key>group_body</key>
                <map>
                <key>2593848281</key>
                    <map>
                    <key>phantom</key>
                        <integer>0</integer>
                    <key>physical</key>
                        <integer>0</integer>
                    <key>position</key>
                        <array>
                            <real>153.86618041992187</real>
                            <real>36.036602020263672</real>
                            <real>21.735622406005859</real>
                        </array>
                    <key>rotation</key>
                        <array>
                            <real>0</real>
                            <real>0</real>
                            <real>-0.86439532041549683</real>
                            <real>0.50281280279159546</real>
                        </array>
                    <key>scale</key>
                        <array>
                            <real>1.3997570276260376</real>
                            <real>1.2810512781143188</real>
                            <real>1.3997570276260376</real>
                        </array>
                    <key>sculpt</key>
                        <map>
                        <key>texture</key>
                            <uuid>1c65a996-234d-4d88-94f5-5d66865e5cde</uuid>
                        <key>type</key>
                            <integer>1</integer>
                        </map>
                    <key>shadows</key>
                        <integer>0</integer>
                    <key>textures</key>
                        <array>
                            <map>
                            <key>bump</key>
                                <integer>0</integer>
                            <key>colors</key>
                                <array>
                                    <real>1</real>
                                    <real>1</real>
                                    <real>1</real>
                                    <real>1</real>
                                </array>
                            <key>fullbright</key>
                                <integer>0</integer>
                            <key>glow</key>
                                <real>0</real>
                            <key>imageid</key>
                                <uuid>62f6755a-b434-49ed-b665-23d04eafd7b9</uuid>
                            <key>imagerot</key>
                                <real>0</real>
                            <key>media_flags</key>
                                <integer>0</integer>
                            <key>offsets</key>
                                <real>0</real>
                            <key>offsett</key>
                                <real>0</real>
                            <key>scales</key>
                                <real>1</real>
                            <key>scalet</key>
                                <real>1</real>
                            </map>
                        </array>
                    <key>volume</key>
                        <map>
                        <key>path</key>
                            <map>
                            <key>begin</key>
                                <real>0</real>
                            <key>curve</key>
                                <integer>32</integer>
                            <key>end</key>
                                <real>1</real>
                            <key>radius_offset</key>
                                <real>0</real>
                            <key>revolutions</key>
                                <real>1</real>
                            <key>scale_x</key>
                                <real>1</real>
                            <key>scale_y</key>
                                <real>0.5</real>
                            <key>shear_x</key>
                                <real>0</real>
                            <key>shear_y</key>
                                <real>0</real>
                            <key>skew</key>
                                <real>0</real>
                            <key>taper_x</key>
                                <real>0</real>
                            <key>taper_y</key>
                                <real>0</real>
                            <key>twist</key>
                                <real>0</real>
                            <key>twist_begin</key>
                                <real>0</real>
                            </map>
                        <key>profile</key>
                            <map>
                            <key>begin</key>
                                <real>0</real>
                            <key>curve</key>
                                <integer>0</integer>
                            <key>end</key>
                                <real>1</real>
                            <key>hollow</key>
                                <real>0</real>
                            </map>
                        </map>
                    </map>
                </map>
            <key>root_position</key>
                <array>
                    <real>153.86618041992187</real>
                    <real>36.036602020263672</real>
                    <real>21.735622406005859</real>
                </array>
            <key>root_rotation</key>
                <array>
                    <real>0</real>
                    <real>0</real>
                    <real>-0.86439532041549683</real>
                    <real>0.50281280279159546</real>
                </array>
            </map>
            <map>
            <key>group_body</key>
                <map>
                <key>2593848286</key>
                    <map>
                    <key>phantom</key>
                        <integer>0</integer>
                    <key>physical</key>
                        <integer>0</integer>
                    <key>position</key>
                        <array>
                            <real>153.86618041992187</real>
                            <real>37.848918914794922</real>
                            <real>21.735622406005859</real>
                        </array>
                    <key>rotation</key>
                        <array>
                            <real>0</real>
                            <real>0</real>
                            <real>-0.54190957546234131</real>
                            <real>0.84043681621551514</real>
                        </array>
                    <key>scale</key>
                        <array>
                            <real>1.3997570276260376</real>
                            <real>1.2810512781143188</real>
                            <real>1.3997570276260376</real>
                        </array>
                    <key>sculpt</key>
                        <map>
                        <key>texture</key>
                            <uuid>1c65a996-234d-4d88-94f5-5d66865e5cde</uuid>
                        <key>type</key>
                            <integer>1</integer>
                        </map>
                    <key>shadows</key>
                        <integer>0</integer>
                    <key>textures</key>
                        <array>
                            <map>
                            <key>bump</key>
                                <integer>0</integer>
                            <key>colors</key>
                                <array>
                                    <real>1</real>
                                    <real>1</real>
                                    <real>1</real>
                                    <real>1</real>
                                </array>
                            <key>fullbright</key>
                                <integer>0</integer>
                            <key>glow</key>
                                <real>0</real>
                            <key>imageid</key>
                                <uuid>12281ed7-66ae-470d-a99c-4a45017487a8</uuid>
                            <key>imagerot</key>
                                <real>0</real>
                            <key>media_flags</key>
                                <integer>0</integer>
                            <key>offsets</key>
                                <real>0</real>
                            <key>offsett</key>
                                <real>0</real>
                            <key>scales</key>
                                <real>3</real>
                            <key>scalet</key>
                                <real>3</real>
                            </map>
                        </array>
                    <key>volume</key>
                        <map>
                        <key>path</key>
                            <map>
                            <key>begin</key>
                                <real>0</real>
                            <key>curve</key>
                                <integer>32</integer>
                            <key>end</key>
                                <real>1</real>
                            <key>radius_offset</key>
                                <real>0</real>
                            <key>revolutions</key>
                                <real>1</real>
                            <key>scale_x</key>
                                <real>1</real>
                            <key>scale_y</key>
                                <real>0.5</real>
                            <key>shear_x</key>
                                <real>0</real>
                            <key>shear_y</key>
                                <real>0</real>
                            <key>skew</key>
                                <real>0</real>
                            <key>taper_x</key>
                                <real>0</real>
                            <key>taper_y</key>
                                <real>0</real>
                            <key>twist</key>
                                <real>0</real>
                            <key>twist_begin</key>
                                <real>0</real>
                            </map>
                        <key>profile</key>
                            <map>
                            <key>begin</key>
                                <real>0</real>
                            <key>curve</key>
                                <integer>0</integer>
                            <key>end</key>
                                <real>1</real>
                            <key>hollow</key>
                                <real>0</real>
                            </map>
                        </map>
                    </map>
                </map>
            <key>root_position</key>
                <array>
                    <real>153.86618041992187</real>
                    <real>37.848918914794922</real>
                    <real>21.735622406005859</real>
                </array>
            <key>root_rotation</key>
                <array>
                    <real>0</real>
                    <real>0</real>
                    <real>-0.54190957546234131</real>
                    <real>0.84043681621551514</real>
                </array>
            </map>
        </array>
    </map>
</llsd>
