<llsd>
    <map>
    <key>data</key>
        <array>
            <map>
            <key>group_body</key>
                <map>
                <key>1553710148</key>
                    <map>
                    <key>phantom</key>
                        <integer>0</integer>
                    <key>physical</key>
                        <integer>0</integer>
                    <key>position</key>
                        <array>
                            <real>228.9500274658203125</real>
                            <real>158.8999176025390625</real>
                            <real>23.6249980926513671875</real>
                        </array>
                    <key>rotation</key>
                        <array>
                            <real>0.7071068286895751953125</real>
                            <real>0.70710670948028564453125</real>
                            <real>0</real>
                            <real>0</real>
                        </array>
                    <key>scale</key>
                        <array>
                            <real>0.699999988079071044921875</real>
                            <real>0.699999988079071044921875</real>
                            <real>0.1000003814697265625</real>
                        </array>
                    <key>shadows</key>
                        <integer>0</integer>
                    <key>textures</key>
                        <array>
                            <map>
                            <key>bump</key>
                                <integer>64</integer>
                            <key>colors</key>
                                <array>
                                    <real>1</real>
                                    <real>1</real>
                                    <real>1</real>
                                    <real>1</real>
                                </array>
                            <key>fullbright</key>
                                <integer>0</integer>
                            <key>glow</key>
                                <real>0</real>
                            <key>imageid</key>
                                <uuid>2d208211-bca8-4730-9a8d-9e68b2bba143</uuid>
                            <key>imagerot</key>
                                <real>0</real>
                            <key>media_flags</key>
                                <integer>0</integer>
                            <key>offsets</key>
                                <real>0</real>
                            <key>offsett</key>
                                <real>0</real>
                            <key>scales</key>
                                <real>2</real>
                            <key>scalet</key>
                                <real>2</real>
                            </map>
                        </array>
                    <key>volume</key>
                        <map>
                        <key>path</key>
                            <map>
                            <key>begin</key>
                                <real>0</real>
                            <key>curve</key>
                                <integer>32</integer>
                            <key>end</key>
                                <real>1</real>
                            <key>radius_offset</key>
                                <real>0</real>
                            <key>revolutions</key>
                                <real>1</real>
                            <key>scale_x</key>
                                <real>1</real>
                            <key>scale_y</key>
                                <real>1</real>
                            <key>shear_x</key>
                                <real>0</real>
                            <key>shear_y</key>
                                <real>0</real>
                            <key>skew</key>
                                <real>0</real>
                            <key>taper_x</key>
                                <real>0</real>
                            <key>taper_y</key>
                                <real>0</real>
                            <key>twist</key>
                                <real>0</real>
                            <key>twist_begin</key>
                                <real>0</real>
                            </map>
                        <key>profile</key>
                            <map>
                            <key>begin</key>
                                <real>0</real>
                            <key>curve</key>
                                <integer>5</integer>
                            <key>end</key>
                                <real>1</real>
                            <key>hollow</key>
                                <real>0</real>
                            </map>
                        </map>
                    </map>
                <key>1553710149</key>
                    <map>
                    <key>parent</key>
                        <string>1553710148</string>
                    <key>phantom</key>
                        <integer>0</integer>
                    <key>physical</key>
                        <integer>0</integer>
                    <key>position</key>
                        <array>
                            <real>0</real>
                            <real>0</real>
                            <real>-0.1500014960765838623046875</real>
                        </array>
                    <key>rotation</key>
                        <array>
                            <real>0.6532814502716064453125</real>
                            <real>-0.2705977261066436767578125</real>
                            <real>0.653281629085540771484375</real>
                            <real>0.2705981433391571044921875</real>
                        </array>
                    <key>scale</key>
                        <array>
                            <real>1</real>
                            <real>0.75</real>
                            <real>0.75</real>
                        </array>
                    <key>shadows</key>
                        <integer>0</integer>
                    <key>textures</key>
                        <array>
                            <map>
                            <key>bump</key>
                                <integer>64</integer>
                            <key>colors</key>
                                <array>
                                    <real>1</real>
                                    <real>1</real>
                                    <real>1</real>
                                    <real>1</real>
                                </array>
                            <key>fullbright</key>
                                <integer>0</integer>
                            <key>glow</key>
                                <real>0</real>
                            <key>imageid</key>
                                <uuid>2d208211-bca8-4730-9a8d-9e68b2bba143</uuid>
                            <key>imagerot</key>
                                <real>0</real>
                            <key>media_flags</key>
                                <integer>0</integer>
                            <key>offsets</key>
                                <real>0</real>
                            <key>offsett</key>
                                <real>0</real>
                            <key>scales</key>
                                <real>-2</real>
                            <key>scalet</key>
                                <real>2</real>
                            </map>
                            <map>
                            <key>bump</key>
                                <integer>64</integer>
                            <key>colors</key>
                                <array>
                                    <real>1</real>
                                    <real>1</real>
                                    <real>1</real>
                                    <real>1</real>
                                </array>
                            <key>fullbright</key>
                                <integer>0</integer>
                            <key>glow</key>
                                <real>0</real>
                            <key>imageid</key>
                                <uuid>2d208211-bca8-4730-9a8d-9e68b2bba143</uuid>
                            <key>imagerot</key>
                                <real>3.1415927410125732421875</real>
                            <key>media_flags</key>
                                <integer>0</integer>
                            <key>offsets</key>
                                <real>0</real>
                            <key>offsett</key>
                                <real>0</real>
                            <key>scales</key>
                                <real>-2</real>
                            <key>scalet</key>
                                <real>2</real>
                            </map>
                            <map>
                            <key>bump</key>
                                <integer>64</integer>
                            <key>colors</key>
                                <array>
                                    <real>1</real>
                                    <real>1</real>
                                    <real>1</real>
                                    <real>1</real>
                                </array>
                            <key>fullbright</key>
                                <integer>0</integer>
                            <key>glow</key>
                                <real>0</real>
                            <key>imageid</key>
                                <uuid>2d208211-bca8-4730-9a8d-9e68b2bba143</uuid>
                            <key>imagerot</key>
                                <real>0</real>
                            <key>media_flags</key>
                                <integer>0</integer>
                            <key>offsets</key>
                                <real>0</real>
                            <key>offsett</key>
                                <real>0</real>
                            <key>scales</key>
                                <real>-2</real>
                            <key>scalet</key>
                                <real>2</real>
                            </map>
                        </array>
                    <key>volume</key>
                        <map>
                        <key>path</key>
                            <map>
                            <key>begin</key>
                                <real>0.375</real>
                            <key>curve</key>
                                <integer>32</integer>
                            <key>end</key>
                                <real>0.875</real>
                            <key>radius_offset</key>
                                <real>0</real>
                            <key>revolutions</key>
                                <real>1</real>
                            <key>scale_x</key>
                                <real>1</real>
                            <key>scale_y</key>
                                <real>0.0999999940395355224609375</real>
                            <key>shear_x</key>
                                <real>-0.5</real>
                            <key>shear_y</key>
                                <real>0</real>
                            <key>skew</key>
                                <real>0</real>
                            <key>taper_x</key>
                                <real>1</real>
                            <key>taper_y</key>
                                <real>0</real>
                            <key>twist</key>
                                <real>0</real>
                            <key>twist_begin</key>
                                <real>0</real>
                            </map>
                        <key>profile</key>
                            <map>
                            <key>begin</key>
                                <real>0</real>
                            <key>curve</key>
                                <integer>0</integer>
                            <key>end</key>
                                <real>1</real>
                            <key>hollow</key>
                                <real>0</real>
                            </map>
                        </map>
                    </map>
                <key>1553710150</key>
                    <map>
                    <key>parent</key>
                        <string>1553710148</string>
                    <key>phantom</key>
                        <integer>0</integer>
                    <key>physical</key>
                        <integer>0</integer>
                    <key>position</key>
                        <array>
                            <real>0</real>
                            <real>0</real>
                            <real>-0.1500014960765838623046875</real>
                        </array>
                    <key>rotation</key>
                        <array>
                            <real>0.2706262171268463134765625</real>
                            <real>-0.653293192386627197265625</real>
                            <real>0.2705698311328887939453125</real>
                            <real>0.653269827365875244140625</real>
                        </array>
                    <key>scale</key>
                        <array>
                            <real>1.019999980926513671875</real>
                            <real>0.72500002384185791015625</real>
                            <real>0.72500002384185791015625</real>
                        </array>
                    <key>shadows</key>
                        <integer>0</integer>
                    <key>textures</key>
                        <array>
                            <map>
                            <key>bump</key>
                                <integer>64</integer>
                            <key>colors</key>
                                <array>
                                    <real>0.3725490272045135498046875</real>
                                    <real>0.1921568661928176879882812</real>
                                    <real>0.01960784383118152618408203</real>
                                    <real>1</real>
                                </array>
                            <key>fullbright</key>
                                <integer>0</integer>
                            <key>glow</key>
                                <real>0</real>
                            <key>imageid</key>
                                <uuid>18582a0b-b3d1-4903-a518-1f2bd982bf0f</uuid>
                            <key>imagerot</key>
                                <real>0</real>
                            <key>media_flags</key>
                                <integer>0</integer>
                            <key>offsets</key>
                                <real>0</real>
                            <key>offsett</key>
                                <real>0</real>
                            <key>scales</key>
                                <real>1</real>
                            <key>scalet</key>
                                <real>1</real>
                            </map>
                            <map>
                            <key>bump</key>
                                <integer>64</integer>
                            <key>colors</key>
                                <array>
                                    <real>0.3725490272045135498046875</real>
                                    <real>0.1921568661928176879882812</real>
                                    <real>0.01960784383118152618408203</real>
                                    <real>1</real>
                                </array>
                            <key>fullbright</key>
                                <integer>0</integer>
                            <key>glow</key>
                                <real>0</real>
                            <key>imageid</key>
                                <uuid>18582a0b-b3d1-4903-a518-1f2bd982bf0f</uuid>
                            <key>imagerot</key>
                                <real>0</real>
                            <key>media_flags</key>
                                <integer>0</integer>
                            <key>offsets</key>
                                <real>0</real>
                            <key>offsett</key>
                                <real>0</real>
                            <key>scales</key>
                                <real>1</real>
                            <key>scalet</key>
                                <real>1</real>
                            </map>
                            <map>
                            <key>bump</key>
                                <integer>64</integer>
                            <key>colors</key>
                                <array>
                                    <real>0.3725490272045135498046875</real>
                                    <real>0.1921568661928176879882812</real>
                                    <real>0.01960784383118152618408203</real>
                                    <real>1</real>
                                </array>
                            <key>fullbright</key>
                                <integer>0</integer>
                            <key>glow</key>
                                <real>0</real>
                            <key>imageid</key>
                                <uuid>18582a0b-b3d1-4903-a518-1f2bd982bf0f</uuid>
                            <key>imagerot</key>
                                <real>0</real>
                            <key>media_flags</key>
                                <integer>0</integer>
                            <key>offsets</key>
                                <real>0</real>
                            <key>offsett</key>
                                <real>0</real>
                            <key>scales</key>
                                <real>1</real>
                            <key>scalet</key>
                                <real>1</real>
                            </map>
                        </array>
                    <key>volume</key>
                        <map>
                        <key>path</key>
                            <map>
                            <key>begin</key>
                                <real>0.125</real>
                            <key>curve</key>
                                <integer>32</integer>
                            <key>end</key>
                                <real>0.625</real>
                            <key>radius_offset</key>
                                <real>0</real>
                            <key>revolutions</key>
                                <real>1</real>
                            <key>scale_x</key>
                                <real>1</real>
                            <key>scale_y</key>
                                <real>0.04999999701976776123046875</real>
                            <key>shear_x</key>
                                <real>0.449999988079071044921875</real>
                            <key>shear_y</key>
                                <real>0</real>
                            <key>skew</key>
                                <real>0</real>
                            <key>taper_x</key>
                                <real>-1</real>
                            <key>taper_y</key>
                                <real>0</real>
                            <key>twist</key>
                                <real>0</real>
                            <key>twist_begin</key>
                                <real>0</real>
                            </map>
                        <key>profile</key>
                            <map>
                            <key>begin</key>
                                <real>0</real>
                            <key>curve</key>
                                <integer>0</integer>
                            <key>end</key>
                                <real>1</real>
                            <key>hollow</key>
                                <real>0</real>
                            </map>
                        </map>
                    </map>
                <key>1553710151</key>
                    <map>
                    <key>parent</key>
                        <string>1553710148</string>
                    <key>phantom</key>
                        <integer>0</integer>
                    <key>physical</key>
                        <integer>0</integer>
                    <key>position</key>
                        <array>
                            <real>0</real>
                            <real>0</real>
                            <real>-0.1500014960765838623046875</real>
                        </array>
                    <key>rotation</key>
                        <array>
                            <real>0.6532814502716064453125</real>
                            <real>-0.2705977261066436767578125</real>
                            <real>0.653281629085540771484375</real>
                            <real>0.2705981433391571044921875</real>
                        </array>
                    <key>scale</key>
                        <array>
                            <real>1.019999980926513671875</real>
                            <real>0.72500002384185791015625</real>
                            <real>0.72500002384185791015625</real>
                        </array>
                    <key>shadows</key>
                        <integer>0</integer>
                    <key>textures</key>
                        <array>
                            <map>
                            <key>bump</key>
                                <integer>64</integer>
                            <key>colors</key>
                                <array>
                                    <real>0.3725490272045135498046875</real>
                                    <real>0.1921568661928176879882812</real>
                                    <real>0.01960784383118152618408203</real>
                                    <real>1</real>
                                </array>
                            <key>fullbright</key>
                                <integer>0</integer>
                            <key>glow</key>
                                <real>0</real>
                            <key>imageid</key>
                                <uuid>18582a0b-b3d1-4903-a518-1f2bd982bf0f</uuid>
                            <key>imagerot</key>
                                <real>0</real>
                            <key>media_flags</key>
                                <integer>0</integer>
                            <key>offsets</key>
                                <real>0</real>
                            <key>offsett</key>
                                <real>0</real>
                            <key>scales</key>
                                <real>1</real>
                            <key>scalet</key>
                                <real>1</real>
                            </map>
                            <map>
                            <key>bump</key>
                                <integer>64</integer>
                            <key>colors</key>
                                <array>
                                    <real>0.3725490272045135498046875</real>
                                    <real>0.1921568661928176879882812</real>
                                    <real>0.01960784383118152618408203</real>
                                    <real>1</real>
                                </array>
                            <key>fullbright</key>
                                <integer>0</integer>
                            <key>glow</key>
                                <real>0</real>
                            <key>imageid</key>
                                <uuid>18582a0b-b3d1-4903-a518-1f2bd982bf0f</uuid>
                            <key>imagerot</key>
                                <real>0</real>
                            <key>media_flags</key>
                                <integer>0</integer>
                            <key>offsets</key>
                                <real>0</real>
                            <key>offsett</key>
                                <real>0</real>
                            <key>scales</key>
                                <real>1</real>
                            <key>scalet</key>
                                <real>1</real>
                            </map>
                            <map>
                            <key>bump</key>
                                <integer>64</integer>
                            <key>colors</key>
                                <array>
                                    <real>0.3725490272045135498046875</real>
                                    <real>0.1921568661928176879882812</real>
                                    <real>0.01960784383118152618408203</real>
                                    <real>1</real>
                                </array>
                            <key>fullbright</key>
                                <integer>0</integer>
                            <key>glow</key>
                                <real>0</real>
                            <key>imageid</key>
                                <uuid>18582a0b-b3d1-4903-a518-1f2bd982bf0f</uuid>
                            <key>imagerot</key>
                                <real>0</real>
                            <key>media_flags</key>
                                <integer>0</integer>
                            <key>offsets</key>
                                <real>0</real>
                            <key>offsett</key>
                                <real>0</real>
                            <key>scales</key>
                                <real>1</real>
                            <key>scalet</key>
                                <real>1</real>
                            </map>
                        </array>
                    <key>volume</key>
                        <map>
                        <key>path</key>
                            <map>
                            <key>begin</key>
                                <real>0.375</real>
                            <key>curve</key>
                                <integer>32</integer>
                            <key>end</key>
                                <real>0.875</real>
                            <key>radius_offset</key>
                                <real>0</real>
                            <key>revolutions</key>
                                <real>1</real>
                            <key>scale_x</key>
                                <real>1</real>
                            <key>scale_y</key>
                                <real>0.04999999701976776123046875</real>
                            <key>shear_x</key>
                                <real>-0.449999988079071044921875</real>
                            <key>shear_y</key>
                                <real>0</real>
                            <key>skew</key>
                                <real>0</real>
                            <key>taper_x</key>
                                <real>1</real>
                            <key>taper_y</key>
                                <real>0</real>
                            <key>twist</key>
                                <real>0</real>
                            <key>twist_begin</key>
                                <real>0</real>
                            </map>
                        <key>profile</key>
                            <map>
                            <key>begin</key>
                                <real>0</real>
                            <key>curve</key>
                                <integer>0</integer>
                            <key>end</key>
                                <real>1</real>
                            <key>hollow</key>
                                <real>0</real>
                            </map>
                        </map>
                    </map>
                <key>1553710152</key>
                    <map>
                    <key>parent</key>
                        <string>1553710148</string>
                    <key>phantom</key>
                        <integer>0</integer>
                    <key>physical</key>
                        <integer>0</integer>
                    <key>position</key>
                        <array>
                            <real>-0.300002992153167724609375</real>
                            <real>0.1999969035387039184570312</real>
                            <real>0.249996125698089599609375</real>
                        </array>
                    <key>rotation</key>
                        <array>
                            <real>0.707106888294219970703125</real>
                            <real>-0.707106649875640869140625</real>
                            <real>0</real>
                            <real>0</real>
                        </array>
                    <key>scale</key>
                        <array>
                            <real>0.1500000059604644775390625</real>
                            <real>0.5</real>
                            <real>0.800000011920928955078125</real>
                        </array>
                    <key>shadows</key>
                        <integer>0</integer>
                    <key>textures</key>
                        <array>
                            <map>
                            <key>bump</key>
                                <integer>64</integer>
                            <key>colors</key>
                                <array>
                                    <real>0.3725490272045135498046875</real>
                                    <real>0.1921568661928176879882812</real>
                                    <real>0.01960784383118152618408203</real>
                                    <real>1</real>
                                </array>
                            <key>fullbright</key>
                                <integer>0</integer>
                            <key>glow</key>
                                <real>0</real>
                            <key>imageid</key>
                                <uuid>18582a0b-b3d1-4903-a518-1f2bd982bf0f</uuid>
                            <key>imagerot</key>
                                <real>0</real>
                            <key>media_flags</key>
                                <integer>0</integer>
                            <key>offsets</key>
                                <real>0</real>
                            <key>offsett</key>
                                <real>0</real>
                            <key>scales</key>
                                <real>1</real>
                            <key>scalet</key>
                                <real>1</real>
                            </map>
                            <map>
                            <key>bump</key>
                                <integer>64</integer>
                            <key>colors</key>
                                <array>
                                    <real>0.3725490272045135498046875</real>
                                    <real>0.1921568661928176879882812</real>
                                    <real>0.01960784383118152618408203</real>
                                    <real>1</real>
                                </array>
                            <key>fullbright</key>
                                <integer>0</integer>
                            <key>glow</key>
                                <real>0</real>
                            <key>imageid</key>
                                <uuid>18582a0b-b3d1-4903-a518-1f2bd982bf0f</uuid>
                            <key>imagerot</key>
                                <real>0</real>
                            <key>media_flags</key>
                                <integer>0</integer>
                            <key>offsets</key>
                                <real>0</real>
                            <key>offsett</key>
                                <real>0</real>
                            <key>scales</key>
                                <real>1</real>
                            <key>scalet</key>
                                <real>1</real>
                            </map>
                            <map>
                            <key>bump</key>
                                <integer>64</integer>
                            <key>colors</key>
                                <array>
                                    <real>0.3725490272045135498046875</real>
                                    <real>0.1921568661928176879882812</real>
                                    <real>0.01960784383118152618408203</real>
                                    <real>1</real>
                                </array>
                            <key>fullbright</key>
                                <integer>0</integer>
                            <key>glow</key>
                                <real>0</real>
                            <key>imageid</key>
                                <uuid>18582a0b-b3d1-4903-a518-1f2bd982bf0f</uuid>
                            <key>imagerot</key>
                                <real>0</real>
                            <key>media_flags</key>
                                <integer>0</integer>
                            <key>offsets</key>
                                <real>0</real>
                            <key>offsett</key>
                                <real>0</real>
                            <key>scales</key>
                                <real>1</real>
                            <key>scalet</key>
                                <real>1</real>
                            </map>
                            <map>
                            <key>bump</key>
                                <integer>64</integer>
                            <key>colors</key>
                                <array>
                                    <real>0.3725490272045135498046875</real>
                                    <real>0.1921568661928176879882812</real>
                                    <real>0.01960784383118152618408203</real>
                                    <real>1</real>
                                </array>
                            <key>fullbright</key>
                                <integer>0</integer>
                            <key>glow</key>
                                <real>0</real>
                            <key>imageid</key>
                                <uuid>18582a0b-b3d1-4903-a518-1f2bd982bf0f</uuid>
                            <key>imagerot</key>
                                <real>0</real>
                            <key>media_flags</key>
                                <integer>0</integer>
                            <key>offsets</key>
                                <real>0</real>
                            <key>offsett</key>
                                <real>0</real>
                            <key>scales</key>
                                <real>1</real>
                            <key>scalet</key>
                                <real>1</real>
                            </map>
                            <map>
                            <key>bump</key>
                                <integer>64</integer>
                            <key>colors</key>
                                <array>
                                    <real>0.3725490272045135498046875</real>
                                    <real>0.1921568661928176879882812</real>
                                    <real>0.01960784383118152618408203</real>
                                    <real>1</real>
                                </array>
                            <key>fullbright</key>
                                <integer>0</integer>
                            <key>glow</key>
                                <real>0</real>
                            <key>imageid</key>
                                <uuid>001aac77-92af-45a4-81d3-7027fa7ba577</uuid>
                            <key>imagerot</key>
                                <real>0</real>
                            <key>media_flags</key>
                                <integer>0</integer>
                            <key>offsets</key>
                                <real>0</real>
                            <key>offsett</key>
                                <real>0</real>
                            <key>scales</key>
                                <real>1</real>
                            <key>scalet</key>
                                <real>1</real>
                            </map>
                        </array>
                    <key>volume</key>
                        <map>
                        <key>path</key>
                            <map>
                            <key>begin</key>
                                <real>0.2999999821186065673828125</real>
                            <key>curve</key>
                                <integer>32</integer>
                            <key>end</key>
                                <real>0.699999988079071044921875</real>
                            <key>radius_offset</key>
                                <real>0</real>
                            <key>revolutions</key>
                                <real>1</real>
                            <key>scale_x</key>
                                <real>1</real>
                            <key>scale_y</key>
                                <real>0.2999999821186065673828125</real>
                            <key>shear_x</key>
                                <real>0.5</real>
                            <key>shear_y</key>
                                <real>0</real>
                            <key>skew</key>
                                <real>0</real>
                            <key>taper_x</key>
                                <real>1</real>
                            <key>taper_y</key>
                                <real>1</real>
                            <key>twist</key>
                                <real>0</real>
                            <key>twist_begin</key>
                                <real>0</real>
                            </map>
                        <key>profile</key>
                            <map>
                            <key>begin</key>
                                <real>0</real>
                            <key>curve</key>
                                <integer>0</integer>
                            <key>end</key>
                                <real>0.5</real>
                            <key>hollow</key>
                                <real>0</real>
                            </map>
                        </map>
                    </map>
                <key>1553710154</key>
                    <map>
                    <key>parent</key>
                        <string>1553710148</string>
                    <key>phantom</key>
                        <integer>0</integer>
                    <key>physical</key>
                        <integer>0</integer>
                    <key>position</key>
                        <array>
                            <real>0.299995362758636474609375</real>
                            <real>0.1999969035387039184570312</real>
                            <real>0.249996125698089599609375</real>
                        </array>
                    <key>rotation</key>
                        <array>
                            <real>0.707106769084930419921875</real>
                            <real>0.707106769084930419921875</real>
                            <real>6.322027701344268280081451e-08</real>
                            <real>0.000244140625</real>
                        </array>
                    <key>scale</key>
                        <array>
                            <real>0.1500000059604644775390625</real>
                            <real>0.5</real>
                            <real>0.800000011920928955078125</real>
                        </array>
                    <key>shadows</key>
                        <integer>0</integer>
                    <key>textures</key>
                        <array>
                            <map>
                            <key>bump</key>
                                <integer>64</integer>
                            <key>colors</key>
                                <array>
                                    <real>0.3725490272045135498046875</real>
                                    <real>0.1921568661928176879882812</real>
                                    <real>0.01960784383118152618408203</real>
                                    <real>1</real>
                                </array>
                            <key>fullbright</key>
                                <integer>0</integer>
                            <key>glow</key>
                                <real>0</real>
                            <key>imageid</key>
                                <uuid>18582a0b-b3d1-4903-a518-1f2bd982bf0f</uuid>
                            <key>imagerot</key>
                                <real>0</real>
                            <key>media_flags</key>
                                <integer>0</integer>
                            <key>offsets</key>
                                <real>0</real>
                            <key>offsett</key>
                                <real>0</real>
                            <key>scales</key>
                                <real>1</real>
                            <key>scalet</key>
                                <real>1</real>
                            </map>
                            <map>
                            <key>bump</key>
                                <integer>64</integer>
                            <key>colors</key>
                                <array>
                                    <real>0.3725490272045135498046875</real>
                                    <real>0.1921568661928176879882812</real>
                                    <real>0.01960784383118152618408203</real>
                                    <real>1</real>
                                </array>
                            <key>fullbright</key>
                                <integer>0</integer>
                            <key>glow</key>
                                <real>0</real>
                            <key>imageid</key>
                                <uuid>18582a0b-b3d1-4903-a518-1f2bd982bf0f</uuid>
                            <key>imagerot</key>
                                <real>0</real>
                            <key>media_flags</key>
                                <integer>0</integer>
                            <key>offsets</key>
                                <real>0</real>
                            <key>offsett</key>
                                <real>0</real>
                            <key>scales</key>
                                <real>1</real>
                            <key>scalet</key>
                                <real>1</real>
                            </map>
                            <map>
                            <key>bump</key>
                                <integer>64</integer>
                            <key>colors</key>
                                <array>
                                    <real>0.3725490272045135498046875</real>
                                    <real>0.1921568661928176879882812</real>
                                    <real>0.01960784383118152618408203</real>
                                    <real>1</real>
                                </array>
                            <key>fullbright</key>
                                <integer>0</integer>
                            <key>glow</key>
                                <real>0</real>
                            <key>imageid</key>
                                <uuid>18582a0b-b3d1-4903-a518-1f2bd982bf0f</uuid>
                            <key>imagerot</key>
                                <real>0</real>
                            <key>media_flags</key>
                                <integer>0</integer>
                            <key>offsets</key>
                                <real>0</real>
                            <key>offsett</key>
                                <real>0</real>
                            <key>scales</key>
                                <real>1</real>
                            <key>scalet</key>
                                <real>1</real>
                            </map>
                            <map>
                            <key>bump</key>
                                <integer>64</integer>
                            <key>colors</key>
                                <array>
                                    <real>0.3725490272045135498046875</real>
                                    <real>0.1921568661928176879882812</real>
                                    <real>0.01960784383118152618408203</real>
                                    <real>1</real>
                                </array>
                            <key>fullbright</key>
                                <integer>0</integer>
                            <key>glow</key>
                                <real>0</real>
                            <key>imageid</key>
                                <uuid>18582a0b-b3d1-4903-a518-1f2bd982bf0f</uuid>
                            <key>imagerot</key>
                                <real>0</real>
                            <key>media_flags</key>
                                <integer>0</integer>
                            <key>offsets</key>
                                <real>0</real>
                            <key>offsett</key>
                                <real>0</real>
                            <key>scales</key>
                                <real>1</real>
                            <key>scalet</key>
                                <real>1</real>
                            </map>
                            <map>
                            <key>bump</key>
                                <integer>64</integer>
                            <key>colors</key>
                                <array>
                                    <real>0.3725490272045135498046875</real>
                                    <real>0.1921568661928176879882812</real>
                                    <real>0.01960784383118152618408203</real>
                                    <real>1</real>
                                </array>
                            <key>fullbright</key>
                                <integer>0</integer>
                            <key>glow</key>
                                <real>0</real>
                            <key>imageid</key>
                                <uuid>18582a0b-b3d1-4903-a518-1f2bd982bf0f</uuid>
                            <key>imagerot</key>
                                <real>0</real>
                            <key>media_flags</key>
                                <integer>0</integer>
                            <key>offsets</key>
                                <real>0</real>
                            <key>offsett</key>
                                <real>0</real>
                            <key>scales</key>
                                <real>1</real>
                            <key>scalet</key>
                                <real>1</real>
                            </map>
                        </array>
                    <key>volume</key>
                        <map>
                        <key>path</key>
                            <map>
                            <key>begin</key>
                                <real>0.2750000059604644775390625</real>
                            <key>curve</key>
                                <integer>32</integer>
                            <key>end</key>
                                <real>0.699999988079071044921875</real>
                            <key>radius_offset</key>
                                <real>0</real>
                            <key>revolutions</key>
                                <real>1</real>
                            <key>scale_x</key>
                                <real>1</real>
                            <key>scale_y</key>
                                <real>0.2999999821186065673828125</real>
                            <key>shear_x</key>
                                <real>-0.5</real>
                            <key>shear_y</key>
                                <real>0</real>
                            <key>skew</key>
                                <real>0</real>
                            <key>taper_x</key>
                                <real>1</real>
                            <key>taper_y</key>
                                <real>1</real>
                            <key>twist</key>
                                <real>0</real>
                            <key>twist_begin</key>
                                <real>0</real>
                            </map>
                        <key>profile</key>
                            <map>
                            <key>begin</key>
                                <real>0</real>
                            <key>curve</key>
                                <integer>0</integer>
                            <key>end</key>
                                <real>0.5</real>
                            <key>hollow</key>
                                <real>0</real>
                            </map>
                        </map>
                    </map>
                <key>1553710155</key>
                    <map>
                    <key>parent</key>
                        <string>1553710148</string>
                    <key>phantom</key>
                        <integer>0</integer>
                    <key>physical</key>
                        <integer>0</integer>
                    <key>position</key>
                        <array>
                            <real>0.299995362758636474609375</real>
                            <real>-0.1999969035387039184570312</real>
                            <real>0.249996125698089599609375</real>
                        </array>
                    <key>rotation</key>
                        <array>
                            <real>0.707106769084930419921875</real>
                            <real>0.707106769084930419921875</real>
                            <real>6.322027701344268280081451e-08</real>
                            <real>0.000244140625</real>
                        </array>
                    <key>scale</key>
                        <array>
                            <real>0.1500000059604644775390625</real>
                            <real>0.5</real>
                            <real>0.800000011920928955078125</real>
                        </array>
                    <key>shadows</key>
                        <integer>0</integer>
                    <key>textures</key>
                        <array>
                            <map>
                            <key>bump</key>
                                <integer>64</integer>
                            <key>colors</key>
                                <array>
                                    <real>0.3725490272045135498046875</real>
                                    <real>0.1921568661928176879882812</real>
                                    <real>0.01960784383118152618408203</real>
                                    <real>1</real>
                                </array>
                            <key>fullbright</key>
                                <integer>0</integer>
                            <key>glow</key>
                                <real>0</real>
                            <key>imageid</key>
                                <uuid>18582a0b-b3d1-4903-a518-1f2bd982bf0f</uuid>
                            <key>imagerot</key>
                                <real>0</real>
                            <key>media_flags</key>
                                <integer>0</integer>
                            <key>offsets</key>
                                <real>0</real>
                            <key>offsett</key>
                                <real>0</real>
                            <key>scales</key>
                                <real>1</real>
                            <key>scalet</key>
                                <real>1</real>
                            </map>
                            <map>
                            <key>bump</key>
                                <integer>64</integer>
                            <key>colors</key>
                                <array>
                                    <real>0.3725490272045135498046875</real>
                                    <real>0.1921568661928176879882812</real>
                                    <real>0.01960784383118152618408203</real>
                                    <real>1</real>
                                </array>
                            <key>fullbright</key>
                                <integer>0</integer>
                            <key>glow</key>
                                <real>0</real>
                            <key>imageid</key>
                                <uuid>18582a0b-b3d1-4903-a518-1f2bd982bf0f</uuid>
                            <key>imagerot</key>
                                <real>0</real>
                            <key>media_flags</key>
                                <integer>0</integer>
                            <key>offsets</key>
                                <real>0</real>
                            <key>offsett</key>
                                <real>0</real>
                            <key>scales</key>
                                <real>1</real>
                            <key>scalet</key>
                                <real>1</real>
                            </map>
                            <map>
                            <key>bump</key>
                                <integer>64</integer>
                            <key>colors</key>
                                <array>
                                    <real>0.3725490272045135498046875</real>
                                    <real>0.1921568661928176879882812</real>
                                    <real>0.01960784383118152618408203</real>
                                    <real>1</real>
                                </array>
                            <key>fullbright</key>
                                <integer>0</integer>
                            <key>glow</key>
                                <real>0</real>
                            <key>imageid</key>
                                <uuid>18582a0b-b3d1-4903-a518-1f2bd982bf0f</uuid>
                            <key>imagerot</key>
                                <real>0</real>
                            <key>media_flags</key>
                                <integer>0</integer>
                            <key>offsets</key>
                                <real>0</real>
                            <key>offsett</key>
                                <real>0</real>
                            <key>scales</key>
                                <real>1</real>
                            <key>scalet</key>
                                <real>1</real>
                            </map>
                            <map>
                            <key>bump</key>
                                <integer>64</integer>
                            <key>colors</key>
                                <array>
                                    <real>0.3725490272045135498046875</real>
                                    <real>0.1921568661928176879882812</real>
                                    <real>0.01960784383118152618408203</real>
                                    <real>1</real>
                                </array>
                            <key>fullbright</key>
                                <integer>0</integer>
                            <key>glow</key>
                                <real>0</real>
                            <key>imageid</key>
                                <uuid>18582a0b-b3d1-4903-a518-1f2bd982bf0f</uuid>
                            <key>imagerot</key>
                                <real>0</real>
                            <key>media_flags</key>
                                <integer>0</integer>
                            <key>offsets</key>
                                <real>0</real>
                            <key>offsett</key>
                                <real>0</real>
                            <key>scales</key>
                                <real>1</real>
                            <key>scalet</key>
                                <real>1</real>
                            </map>
                            <map>
                            <key>bump</key>
                                <integer>64</integer>
                            <key>colors</key>
                                <array>
                                    <real>0.3725490272045135498046875</real>
                                    <real>0.1921568661928176879882812</real>
                                    <real>0.01960784383118152618408203</real>
                                    <real>1</real>
                                </array>
                            <key>fullbright</key>
                                <integer>0</integer>
                            <key>glow</key>
                                <real>0</real>
                            <key>imageid</key>
                                <uuid>001aac77-92af-45a4-81d3-7027fa7ba577</uuid>
                            <key>imagerot</key>
                                <real>0</real>
                            <key>media_flags</key>
                                <integer>0</integer>
                            <key>offsets</key>
                                <real>0</real>
                            <key>offsett</key>
                                <real>0</real>
                            <key>scales</key>
                                <real>1</real>
                            <key>scalet</key>
                                <real>1</real>
                            </map>
                        </array>
                    <key>volume</key>
                        <map>
                        <key>path</key>
                            <map>
                            <key>begin</key>
                                <real>0.2750000059604644775390625</real>
                            <key>curve</key>
                                <integer>32</integer>
                            <key>end</key>
                                <real>0.699999988079071044921875</real>
                            <key>radius_offset</key>
                                <real>0</real>
                            <key>revolutions</key>
                                <real>1</real>
                            <key>scale_x</key>
                                <real>1</real>
                            <key>scale_y</key>
                                <real>0.2999999821186065673828125</real>
                            <key>shear_x</key>
                                <real>0.5</real>
                            <key>shear_y</key>
                                <real>0</real>
                            <key>skew</key>
                                <real>0</real>
                            <key>taper_x</key>
                                <real>1</real>
                            <key>taper_y</key>
                                <real>1</real>
                            <key>twist</key>
                                <real>0</real>
                            <key>twist_begin</key>
                                <real>0</real>
                            </map>
                        <key>profile</key>
                            <map>
                            <key>begin</key>
                                <real>0</real>
                            <key>curve</key>
                                <integer>0</integer>
                            <key>end</key>
                                <real>0.5</real>
                            <key>hollow</key>
                                <real>0</real>
                            </map>
                        </map>
                    </map>
                <key>1553710156</key>
                    <map>
                    <key>parent</key>
                        <string>1553710148</string>
                    <key>phantom</key>
                        <integer>0</integer>
                    <key>physical</key>
                        <integer>0</integer>
                    <key>position</key>
                        <array>
                            <real>0</real>
                            <real>0</real>
                            <real>-0.1500014960765838623046875</real>
                        </array>
                    <key>rotation</key>
                        <array>
                            <real>0.2706262171268463134765625</real>
                            <real>-0.653293192386627197265625</real>
                            <real>0.2705698311328887939453125</real>
                            <real>0.653269827365875244140625</real>
                        </array>
                    <key>scale</key>
                        <array>
                            <real>1</real>
                            <real>0.75</real>
                            <real>0.75</real>
                        </array>
                    <key>shadows</key>
                        <integer>0</integer>
                    <key>textures</key>
                        <array>
                            <map>
                            <key>bump</key>
                                <integer>64</integer>
                            <key>colors</key>
                                <array>
                                    <real>1</real>
                                    <real>1</real>
                                    <real>1</real>
                                    <real>1</real>
                                </array>
                            <key>fullbright</key>
                                <integer>0</integer>
                            <key>glow</key>
                                <real>0</real>
                            <key>imageid</key>
                                <uuid>2d208211-bca8-4730-9a8d-9e68b2bba143</uuid>
                            <key>imagerot</key>
                                <real>0</real>
                            <key>media_flags</key>
                                <integer>0</integer>
                            <key>offsets</key>
                                <real>0</real>
                            <key>offsett</key>
                                <real>0</real>
                            <key>scales</key>
                                <real>2</real>
                            <key>scalet</key>
                                <real>2</real>
                            </map>
                            <map>
                            <key>bump</key>
                                <integer>64</integer>
                            <key>colors</key>
                                <array>
                                    <real>1</real>
                                    <real>1</real>
                                    <real>1</real>
                                    <real>1</real>
                                </array>
                            <key>fullbright</key>
                                <integer>0</integer>
                            <key>glow</key>
                                <real>0</real>
                            <key>imageid</key>
                                <uuid>2d208211-bca8-4730-9a8d-9e68b2bba143</uuid>
                            <key>imagerot</key>
                                <real>0</real>
                            <key>media_flags</key>
                                <integer>0</integer>
                            <key>offsets</key>
                                <real>0</real>
                            <key>offsett</key>
                                <real>0</real>
                            <key>scales</key>
                                <real>2</real>
                            <key>scalet</key>
                                <real>2</real>
                            </map>
                            <map>
                            <key>bump</key>
                                <integer>64</integer>
                            <key>colors</key>
                                <array>
                                    <real>1</real>
                                    <real>1</real>
                                    <real>1</real>
                                    <real>1</real>
                                </array>
                            <key>fullbright</key>
                                <integer>0</integer>
                            <key>glow</key>
                                <real>0</real>
                            <key>imageid</key>
                                <uuid>2d208211-bca8-4730-9a8d-9e68b2bba143</uuid>
                            <key>imagerot</key>
                                <real>0</real>
                            <key>media_flags</key>
                                <integer>0</integer>
                            <key>offsets</key>
                                <real>0</real>
                            <key>offsett</key>
                                <real>0</real>
                            <key>scales</key>
                                <real>2</real>
                            <key>scalet</key>
                                <real>2</real>
                            </map>
                        </array>
                    <key>volume</key>
                        <map>
                        <key>path</key>
                            <map>
                            <key>begin</key>
                                <real>0.125</real>
                            <key>curve</key>
                                <integer>32</integer>
                            <key>end</key>
                                <real>0.625</real>
                            <key>radius_offset</key>
                                <real>0</real>
                            <key>revolutions</key>
                                <real>1</real>
                            <key>scale_x</key>
                                <real>1</real>
                            <key>scale_y</key>
                                <real>0.0999999940395355224609375</real>
                            <key>shear_x</key>
                                <real>0.5</real>
                            <key>shear_y</key>
                                <real>0</real>
                            <key>skew</key>
                                <real>0</real>
                            <key>taper_x</key>
                                <real>-1</real>
                            <key>taper_y</key>
                                <real>0</real>
                            <key>twist</key>
                                <real>0</real>
                            <key>twist_begin</key>
                                <real>0</real>
                            </map>
                        <key>profile</key>
                            <map>
                            <key>begin</key>
                                <real>0</real>
                            <key>curve</key>
                                <integer>0</integer>
                            <key>end</key>
                                <real>1</real>
                            <key>hollow</key>
                                <real>0</real>
                            </map>
                        </map>
                    </map>
                <key>1553710157</key>
                    <map>
                    <key>parent</key>
                        <string>1553710148</string>
                    <key>phantom</key>
                        <integer>0</integer>
                    <key>physical</key>
                        <integer>0</integer>
                    <key>position</key>
                        <array>
                            <real>-0.300002992153167724609375</real>
                            <real>-0.1999969035387039184570312</real>
                            <real>0.249996125698089599609375</real>
                        </array>
                    <key>rotation</key>
                        <array>
                            <real>0.707106888294219970703125</real>
                            <real>-0.707106649875640869140625</real>
                            <real>0</real>
                            <real>0</real>
                        </array>
                    <key>scale</key>
                        <array>
                            <real>0.1500000059604644775390625</real>
                            <real>0.5</real>
                            <real>0.800000011920928955078125</real>
                        </array>
                    <key>shadows</key>
                        <integer>0</integer>
                    <key>textures</key>
                        <array>
                            <map>
                            <key>bump</key>
                                <integer>64</integer>
                            <key>colors</key>
                                <array>
                                    <real>0.3725490272045135498046875</real>
                                    <real>0.1921568661928176879882812</real>
                                    <real>0.01960784383118152618408203</real>
                                    <real>1</real>
                                </array>
                            <key>fullbright</key>
                                <integer>0</integer>
                            <key>glow</key>
                                <real>0</real>
                            <key>imageid</key>
                                <uuid>18582a0b-b3d1-4903-a518-1f2bd982bf0f</uuid>
                            <key>imagerot</key>
                                <real>0</real>
                            <key>media_flags</key>
                                <integer>0</integer>
                            <key>offsets</key>
                                <real>0</real>
                            <key>offsett</key>
                                <real>0</real>
                            <key>scales</key>
                                <real>1</real>
                            <key>scalet</key>
                                <real>1</real>
                            </map>
                            <map>
                            <key>bump</key>
                                <integer>64</integer>
                            <key>colors</key>
                                <array>
                                    <real>0.3725490272045135498046875</real>
                                    <real>0.1921568661928176879882812</real>
                                    <real>0.01960784383118152618408203</real>
                                    <real>1</real>
                                </array>
                            <key>fullbright</key>
                                <integer>0</integer>
                            <key>glow</key>
                                <real>0</real>
                            <key>imageid</key>
                                <uuid>18582a0b-b3d1-4903-a518-1f2bd982bf0f</uuid>
                            <key>imagerot</key>
                                <real>0</real>
                            <key>media_flags</key>
                                <integer>0</integer>
                            <key>offsets</key>
                                <real>0</real>
                            <key>offsett</key>
                                <real>0</real>
                            <key>scales</key>
                                <real>1</real>
                            <key>scalet</key>
                                <real>1</real>
                            </map>
                            <map>
                            <key>bump</key>
                                <integer>64</integer>
                            <key>colors</key>
                                <array>
                                    <real>0.3725490272045135498046875</real>
                                    <real>0.1921568661928176879882812</real>
                                    <real>0.01960784383118152618408203</real>
                                    <real>1</real>
                                </array>
                            <key>fullbright</key>
                                <integer>0</integer>
                            <key>glow</key>
                                <real>0</real>
                            <key>imageid</key>
                                <uuid>18582a0b-b3d1-4903-a518-1f2bd982bf0f</uuid>
                            <key>imagerot</key>
                                <real>0</real>
                            <key>media_flags</key>
                                <integer>0</integer>
                            <key>offsets</key>
                                <real>0</real>
                            <key>offsett</key>
                                <real>0</real>
                            <key>scales</key>
                                <real>1</real>
                            <key>scalet</key>
                                <real>1</real>
                            </map>
                            <map>
                            <key>bump</key>
                                <integer>64</integer>
                            <key>colors</key>
                                <array>
                                    <real>0.3725490272045135498046875</real>
                                    <real>0.1921568661928176879882812</real>
                                    <real>0.01960784383118152618408203</real>
                                    <real>1</real>
                                </array>
                            <key>fullbright</key>
                                <integer>0</integer>
                            <key>glow</key>
                                <real>0</real>
                            <key>imageid</key>
                                <uuid>18582a0b-b3d1-4903-a518-1f2bd982bf0f</uuid>
                            <key>imagerot</key>
                                <real>0</real>
                            <key>media_flags</key>
                                <integer>0</integer>
                            <key>offsets</key>
                                <real>0</real>
                            <key>offsett</key>
                                <real>0</real>
                            <key>scales</key>
                                <real>1</real>
                            <key>scalet</key>
                                <real>1</real>
                            </map>
                            <map>
                            <key>bump</key>
                                <integer>64</integer>
                            <key>colors</key>
                                <array>
                                    <real>0.3725490272045135498046875</real>
                                    <real>0.1921568661928176879882812</real>
                                    <real>0.01960784383118152618408203</real>
                                    <real>1</real>
                                </array>
                            <key>fullbright</key>
                                <integer>0</integer>
                            <key>glow</key>
                                <real>0</real>
                            <key>imageid</key>
                                <uuid>18582a0b-b3d1-4903-a518-1f2bd982bf0f</uuid>
                            <key>imagerot</key>
                                <real>0</real>
                            <key>media_flags</key>
                                <integer>0</integer>
                            <key>offsets</key>
                                <real>0</real>
                            <key>offsett</key>
                                <real>0</real>
                            <key>scales</key>
                                <real>1</real>
                            <key>scalet</key>
                                <real>1</real>
                            </map>
                        </array>
                    <key>volume</key>
                        <map>
                        <key>path</key>
                            <map>
                            <key>begin</key>
                                <real>0.2999999821186065673828125</real>
                            <key>curve</key>
                                <integer>32</integer>
                            <key>end</key>
                                <real>0.699999988079071044921875</real>
                            <key>radius_offset</key>
                                <real>0</real>
                            <key>revolutions</key>
                                <real>1</real>
                            <key>scale_x</key>
                                <real>1</real>
                            <key>scale_y</key>
                                <real>0.2999999821186065673828125</real>
                            <key>shear_x</key>
                                <real>-0.5</real>
                            <key>shear_y</key>
                                <real>0</real>
                            <key>skew</key>
                                <real>0</real>
                            <key>taper_x</key>
                                <real>1</real>
                            <key>taper_y</key>
                                <real>1</real>
                            <key>twist</key>
                                <real>0</real>
                            <key>twist_begin</key>
                                <real>0</real>
                            </map>
                        <key>profile</key>
                            <map>
                            <key>begin</key>
                                <real>0</real>
                            <key>curve</key>
                                <integer>0</integer>
                            <key>end</key>
                                <real>0.5</real>
                            <key>hollow</key>
                                <real>0</real>
                            </map>
                        </map>
                    </map>
                </map>
            <key>root_position</key>
                <array>
                    <real>228.9500274658203125</real>
                    <real>158.8999176025390625</real>
                    <real>23.6249980926513671875</real>
                </array>
            <key>root_rotation</key>
                <array>
                    <real>0.7071068286895751953125</real>
                    <real>0.70710670948028564453125</real>
                    <real>0</real>
                    <real>0</real>
                </array>
            </map>
        </array>
    </map>
</llsd>
