<llsd>
    <map>
    <key>data</key>
        <array>
            <map>
            <key>group_body</key>
                <map>
                <key>1868845834</key>
                    <map>
                    <key>phantom</key>
                        <integer>0</integer>
                    <key>physical</key>
                        <integer>0</integer>
                    <key>position</key>
                        <array>
                            <real>188.10110473632812</real>
                            <real>232.89390563964844</real>
                            <real>22.635679244995117</real>
                        </array>
                    <key>rotation</key>
                        <array>
                            <real>0.64341294765472412</real>
                            <real>-0.29329133033752441</real>
                            <real>-0.29329133033752441</real>
                            <real>0.64341294765472412</real>
                        </array>
                    <key>scale</key>
                        <array>
                            <real>1.902148962020874</real>
                            <real>1.902148962020874</real>
                            <real>1.902148962020874</real>
                        </array>
                    <key>sculpt</key>
                        <map>
                        <key>texture</key>
                            <uuid>0c11977d-3a57-42ca-bbdf-3d2f40c5ac28</uuid>
                        <key>type</key>
                            <integer>0</integer>
                        </map>
                    <key>shadows</key>
                        <integer>0</integer>
                    <key>textures</key>
                        <array>
                            <map>
                            <key>bump</key>
                                <integer>64</integer>
                            <key>colors</key>
                                <array>
                                    <real>0.3960784375667572</real>
                                    <real>0.3960784375667572</real>
                                    <real>0.3960784375667572</real>
                                    <real>1</real>
                                </array>
                            <key>fullbright</key>
                                <integer>0</integer>
                            <key>glow</key>
                                <real>0</real>
                            <key>imageid</key>
                                <uuid>a6a25b90-5906-1327-bf1b-6e476290b73a</uuid>
                            <key>imagerot</key>
                                <real>0</real>
                            <key>media_flags</key>
                                <integer>0</integer>
                            <key>offsets</key>
                                <real>0.5000152587890625</real>
                            <key>offsett</key>
                                <real>0.5000152587890625</real>
                            <key>scales</key>
                                <real>256</real>
                            <key>scalet</key>
                                <real>1</real>
                            </map>
                        </array>
                    <key>volume</key>
                        <map>
                        <key>path</key>
                            <map>
                            <key>begin</key>
                                <real>0</real>
                            <key>curve</key>
                                <integer>32</integer>
                            <key>end</key>
                                <real>1</real>
                            <key>radius_offset</key>
                                <real>0</real>
                            <key>revolutions</key>
                                <real>1</real>
                            <key>scale_x</key>
                                <real>1</real>
                            <key>scale_y</key>
                                <real>0.5</real>
                            <key>shear_x</key>
                                <real>0</real>
                            <key>shear_y</key>
                                <real>0</real>
                            <key>skew</key>
                                <real>0</real>
                            <key>taper_x</key>
                                <real>0</real>
                            <key>taper_y</key>
                                <real>0</real>
                            <key>twist</key>
                                <real>0</real>
                            <key>twist_begin</key>
                                <real>0</real>
                            </map>
                        <key>profile</key>
                            <map>
                            <key>begin</key>
                                <real>0</real>
                            <key>curve</key>
                                <integer>0</integer>
                            <key>end</key>
                                <real>1</real>
                            <key>hollow</key>
                                <real>0</real>
                            </map>
                        </map>
                    </map>
                <key>1868845835</key>
                    <map>
                    <key>parent</key>
                        <string>1868845834</string>
                    <key>phantom</key>
                        <integer>0</integer>
                    <key>physical</key>
                        <integer>0</integer>
                    <key>position</key>
                        <array>
                            <real>-3.6181879750074586e-006</real>
                            <real>-0.006816864013671875</real>
                            <real>-0.019760129973292351</real>
                        </array>
                    <key>rotation</key>
                        <array>
                            <real>0</real>
                            <real>0</real>
                            <real>0</real>
                            <real>1</real>
                        </array>
                    <key>scale</key>
                        <array>
                            <real>2.0042428970336914</real>
                            <real>1.902148962020874</real>
                            <real>1.999351978302002</real>
                        </array>
                    <key>sculpt</key>
                        <map>
                        <key>texture</key>
                            <uuid>4aa7a3a4-2495-40f1-bd18-12a3c831e571</uuid>
                        <key>type</key>
                            <integer>0</integer>
                        </map>
                    <key>shadows</key>
                        <integer>0</integer>
                    <key>textures</key>
                        <array>
                            <map>
                            <key>bump</key>
                                <integer>64</integer>
                            <key>colors</key>
                                <array>
                                    <real>0.75686275959014893</real>
                                    <real>0.69019609689712524</real>
                                    <real>0.64705884456634521</real>
                                    <real>1</real>
                                </array>
                            <key>fullbright</key>
                                <integer>0</integer>
                            <key>glow</key>
                                <real>0</real>
                            <key>imageid</key>
                                <uuid>a6a25b90-5906-1327-bf1b-6e476290b73a</uuid>
                            <key>imagerot</key>
                                <real>0</real>
                            <key>media_flags</key>
                                <integer>0</integer>
                            <key>offsets</key>
                                <real>0.5000152587890625</real>
                            <key>offsett</key>
                                <real>0.5000152587890625</real>
                            <key>scales</key>
                                <real>256</real>
                            <key>scalet</key>
                                <real>1</real>
                            </map>
                        </array>
                    <key>volume</key>
                        <map>
                        <key>path</key>
                            <map>
                            <key>begin</key>
                                <real>0</real>
                            <key>curve</key>
                                <integer>32</integer>
                            <key>end</key>
                                <real>1</real>
                            <key>radius_offset</key>
                                <real>0</real>
                            <key>revolutions</key>
                                <real>1</real>
                            <key>scale_x</key>
                                <real>1</real>
                            <key>scale_y</key>
                                <real>0.5</real>
                            <key>shear_x</key>
                                <real>0</real>
                            <key>shear_y</key>
                                <real>0</real>
                            <key>skew</key>
                                <real>0</real>
                            <key>taper_x</key>
                                <real>0</real>
                            <key>taper_y</key>
                                <real>0</real>
                            <key>twist</key>
                                <real>0</real>
                            <key>twist_begin</key>
                                <real>0</real>
                            </map>
                        <key>profile</key>
                            <map>
                            <key>begin</key>
                                <real>0</real>
                            <key>curve</key>
                                <integer>0</integer>
                            <key>end</key>
                                <real>1</real>
                            <key>hollow</key>
                                <real>0</real>
                            </map>
                        </map>
                    </map>
                <key>1868845836</key>
                    <map>
                    <key>parent</key>
                        <string>1868845834</string>
                    <key>phantom</key>
                        <integer>0</integer>
                    <key>physical</key>
                        <integer>0</integer>
                    <key>position</key>
                        <array>
                            <real>-0.032214291393756866</real>
                            <real>-0.23453520238399506</real>
                            <real>0.60055941343307495</real>
                        </array>
                    <key>rotation</key>
                        <array>
                            <real>0.49999409914016724</real>
                            <real>-0.49994459748268127</real>
                            <real>-0.50000709295272827</real>
                            <real>0.50005418062210083</real>
                        </array>
                    <key>scale</key>
                        <array>
                            <real>0.60451847314834595</real>
                            <real>1.1991610527038574</real>
                            <real>0.75317829847335815</real>
                        </array>
                    <key>sculpt</key>
                        <map>
                        <key>texture</key>
                            <uuid>1b3ca6af-8487-4383-9bb1-9a3bda1c8d18</uuid>
                        <key>type</key>
                            <integer>1</integer>
                        </map>
                    <key>shadows</key>
                        <integer>0</integer>
                    <key>textures</key>
                        <array>
                            <map>
                            <key>bump</key>
                                <integer>0</integer>
                            <key>colors</key>
                                <array>
                                    <real>1</real>
                                    <real>1</real>
                                    <real>1</real>
                                    <real>1</real>
                                </array>
                            <key>fullbright</key>
                                <integer>0</integer>
                            <key>glow</key>
                                <real>0</real>
                            <key>imageid</key>
                                <uuid>41527c42-1be1-4fe5-b484-5c2b4f2b2de4</uuid>
                            <key>imagerot</key>
                                <real>0</real>
                            <key>media_flags</key>
                                <integer>0</integer>
                            <key>offsets</key>
                                <real>0</real>
                            <key>offsett</key>
                                <real>0</real>
                            <key>scales</key>
                                <real>1</real>
                            <key>scalet</key>
                                <real>1</real>
                            </map>
                        </array>
                    <key>volume</key>
                        <map>
                        <key>path</key>
                            <map>
                            <key>begin</key>
                                <real>0</real>
                            <key>curve</key>
                                <integer>32</integer>
                            <key>end</key>
                                <real>1</real>
                            <key>radius_offset</key>
                                <real>0</real>
                            <key>revolutions</key>
                                <real>1</real>
                            <key>scale_x</key>
                                <real>1</real>
                            <key>scale_y</key>
                                <real>0.5</real>
                            <key>shear_x</key>
                                <real>0</real>
                            <key>shear_y</key>
                                <real>0</real>
                            <key>skew</key>
                                <real>0</real>
                            <key>taper_x</key>
                                <real>0</real>
                            <key>taper_y</key>
                                <real>0</real>
                            <key>twist</key>
                                <real>0</real>
                            <key>twist_begin</key>
                                <real>0</real>
                            </map>
                        <key>profile</key>
                            <map>
                            <key>begin</key>
                                <real>0</real>
                            <key>curve</key>
                                <integer>0</integer>
                            <key>end</key>
                                <real>1</real>
                            <key>hollow</key>
                                <real>0</real>
                            </map>
                        </map>
                    </map>
                <key>1868845837</key>
                    <map>
                    <key>parent</key>
                        <string>1868845834</string>
                    <key>phantom</key>
                        <integer>0</integer>
                    <key>physical</key>
                        <integer>0</integer>
                    <key>position</key>
                        <array>
                            <real>-0.019144639372825623</real>
                            <real>0.22231669723987579</real>
                            <real>0.2921014130115509</real>
                        </array>
                    <key>rotation</key>
                        <array>
                            <real>-0.073908872902393341</real>
                            <real>-0.70320218801498413</real>
                            <real>0.073978930711746216</real>
                            <real>0.70325762033462524</real>
                        </array>
                    <key>scale</key>
                        <array>
                            <real>0.54565578699111938</real>
                            <real>2.3991539478302002</real>
                            <real>0.76318091154098511</real>
                        </array>
                    <key>sculpt</key>
                        <map>
                        <key>texture</key>
                            <uuid>1b3ca6af-8487-4383-9bb1-9a3bda1c8d18</uuid>
                        <key>type</key>
                            <integer>1</integer>
                        </map>
                    <key>shadows</key>
                        <integer>0</integer>
                    <key>textures</key>
                        <array>
                            <map>
                            <key>bump</key>
                                <integer>0</integer>
                            <key>colors</key>
                                <array>
                                    <real>1</real>
                                    <real>1</real>
                                    <real>1</real>
                                    <real>1</real>
                                </array>
                            <key>fullbright</key>
                                <integer>0</integer>
                            <key>glow</key>
                                <real>0</real>
                            <key>imageid</key>
                                <uuid>41527c42-1be1-4fe5-b484-5c2b4f2b2de4</uuid>
                            <key>imagerot</key>
                                <real>0</real>
                            <key>media_flags</key>
                                <integer>0</integer>
                            <key>offsets</key>
                                <real>0</real>
                            <key>offsett</key>
                                <real>0</real>
                            <key>scales</key>
                                <real>1</real>
                            <key>scalet</key>
                                <real>1</real>
                            </map>
                        </array>
                    <key>volume</key>
                        <map>
                        <key>path</key>
                            <map>
                            <key>begin</key>
                                <real>0</real>
                            <key>curve</key>
                                <integer>32</integer>
                            <key>end</key>
                                <real>1</real>
                            <key>radius_offset</key>
                                <real>0</real>
                            <key>revolutions</key>
                                <real>1</real>
                            <key>scale_x</key>
                                <real>1</real>
                            <key>scale_y</key>
                                <real>0.5</real>
                            <key>shear_x</key>
                                <real>0</real>
                            <key>shear_y</key>
                                <real>0</real>
                            <key>skew</key>
                                <real>0</real>
                            <key>taper_x</key>
                                <real>0</real>
                            <key>taper_y</key>
                                <real>0</real>
                            <key>twist</key>
                                <real>0</real>
                            <key>twist_begin</key>
                                <real>0</real>
                            </map>
                        <key>profile</key>
                            <map>
                            <key>begin</key>
                                <real>0</real>
                            <key>curve</key>
                                <integer>0</integer>
                            <key>end</key>
                                <real>1</real>
                            <key>hollow</key>
                                <real>0</real>
                            </map>
                        </map>
                    </map>
                </map>
            <key>root_position</key>
                <array>
                    <real>188.10110473632812</real>
                    <real>232.89390563964844</real>
                    <real>22.635679244995117</real>
                </array>
            <key>root_rotation</key>
                <array>
                    <real>0.64341294765472412</real>
                    <real>-0.29329133033752441</real>
                    <real>-0.29329133033752441</real>
                    <real>0.64341294765472412</real>
                </array>
            </map>
        </array>
    </map>
</llsd>
