<llsd>
    <map>
    <key>data</key>
        <array>
            <map>
            <key>group_body</key>
                <map>
                <key>1868845844</key>
                    <map>
                    <key>phantom</key>
                        <integer>0</integer>
                    <key>physical</key>
                        <integer>0</integer>
                    <key>position</key>
                        <array>
                            <real>187.96640014648437</real>
                            <real>231.43330383300781</real>
                            <real>22.917139053344727</real>
                        </array>
                    <key>rotation</key>
                        <array>
                            <real>-0.70441603660583496</real>
                            <real>-0.061628416180610657</real>
                            <real>0.061628416180610657</real>
                            <real>0.70441603660583496</real>
                        </array>
                    <key>scale</key>
                        <array>
                            <real>2.0679359436035156</real>
                            <real>0.043022159487009048</real>
                            <real>0.04925537109375</real>
                        </array>
                    <key>shadows</key>
                        <integer>0</integer>
                    <key>textures</key>
                        <array>
                            <map>
                            <key>bump</key>
                                <integer>0</integer>
                            <key>colors</key>
                                <array>
                                    <real>0.25098040699958801</real>
                                    <real>0.62745100259780884</real>
                                    <real>1</real>
                                    <real>1</real>
                                </array>
                            <key>fullbright</key>
                                <integer>1</integer>
                            <key>glow</key>
                                <real>0.14901961386203766</real>
                            <key>imageid</key>
                                <uuid>2937c304-15b9-4ffb-b3c4-373915c8b12d</uuid>
                            <key>imagerot</key>
                                <real>0</real>
                            <key>media_flags</key>
                                <integer>0</integer>
                            <key>offsets</key>
                                <real>0</real>
                            <key>offsett</key>
                                <real>0</real>
                            <key>scales</key>
                                <real>40</real>
                            <key>scalet</key>
                                <real>1</real>
                            </map>
                            <map>
                            <key>bump</key>
                                <integer>0</integer>
                            <key>colors</key>
                                <array>
                                    <real>0.25098040699958801</real>
                                    <real>0.62745100259780884</real>
                                    <real>1</real>
                                    <real>1</real>
                                </array>
                            <key>fullbright</key>
                                <integer>1</integer>
                            <key>glow</key>
                                <real>0.14901961386203766</real>
                            <key>imageid</key>
                                <uuid>2937c304-15b9-4ffb-b3c4-373915c8b12d</uuid>
                            <key>imagerot</key>
                                <real>0</real>
                            <key>media_flags</key>
                                <integer>0</integer>
                            <key>offsets</key>
                                <real>0</real>
                            <key>offsett</key>
                                <real>0</real>
                            <key>scales</key>
                                <real>40</real>
                            <key>scalet</key>
                                <real>1</real>
                            </map>
                            <map>
                            <key>bump</key>
                                <integer>0</integer>
                            <key>colors</key>
                                <array>
                                    <real>0.25098040699958801</real>
                                    <real>0.62745100259780884</real>
                                    <real>1</real>
                                    <real>1</real>
                                </array>
                            <key>fullbright</key>
                                <integer>1</integer>
                            <key>glow</key>
                                <real>0.14901961386203766</real>
                            <key>imageid</key>
                                <uuid>2937c304-15b9-4ffb-b3c4-373915c8b12d</uuid>
                            <key>imagerot</key>
                                <real>0</real>
                            <key>media_flags</key>
                                <integer>0</integer>
                            <key>offsets</key>
                                <real>0</real>
                            <key>offsett</key>
                                <real>0</real>
                            <key>scales</key>
                                <real>40</real>
                            <key>scalet</key>
                                <real>1</real>
                            </map>
                            <map>
                            <key>bump</key>
                                <integer>0</integer>
                            <key>colors</key>
                                <array>
                                    <real>0.25098040699958801</real>
                                    <real>0.62745100259780884</real>
                                    <real>1</real>
                                    <real>1</real>
                                </array>
                            <key>fullbright</key>
                                <integer>1</integer>
                            <key>glow</key>
                                <real>0.14901961386203766</real>
                            <key>imageid</key>
                                <uuid>2937c304-15b9-4ffb-b3c4-373915c8b12d</uuid>
                            <key>imagerot</key>
                                <real>0</real>
                            <key>media_flags</key>
                                <integer>0</integer>
                            <key>offsets</key>
                                <real>0</real>
                            <key>offsett</key>
                                <real>0</real>
                            <key>scales</key>
                                <real>40</real>
                            <key>scalet</key>
                                <real>1</real>
                            </map>
                            <map>
                            <key>bump</key>
                                <integer>0</integer>
                            <key>colors</key>
                                <array>
                                    <real>0.25098040699958801</real>
                                    <real>0.62745100259780884</real>
                                    <real>1</real>
                                    <real>1</real>
                                </array>
                            <key>fullbright</key>
                                <integer>1</integer>
                            <key>glow</key>
                                <real>0.14901961386203766</real>
                            <key>imageid</key>
                                <uuid>2937c304-15b9-4ffb-b3c4-373915c8b12d</uuid>
                            <key>imagerot</key>
                                <real>0</real>
                            <key>media_flags</key>
                                <integer>0</integer>
                            <key>offsets</key>
                                <real>0</real>
                            <key>offsett</key>
                                <real>0</real>
                            <key>scales</key>
                                <real>40</real>
                            <key>scalet</key>
                                <real>1</real>
                            </map>
                            <map>
                            <key>bump</key>
                                <integer>0</integer>
                            <key>colors</key>
                                <array>
                                    <real>0.25098040699958801</real>
                                    <real>0.62745100259780884</real>
                                    <real>1</real>
                                    <real>1</real>
                                </array>
                            <key>fullbright</key>
                                <integer>1</integer>
                            <key>glow</key>
                                <real>0.14901961386203766</real>
                            <key>imageid</key>
                                <uuid>2937c304-15b9-4ffb-b3c4-373915c8b12d</uuid>
                            <key>imagerot</key>
                                <real>0</real>
                            <key>media_flags</key>
                                <integer>0</integer>
                            <key>offsets</key>
                                <real>0</real>
                            <key>offsett</key>
                                <real>0</real>
                            <key>scales</key>
                                <real>40</real>
                            <key>scalet</key>
                                <real>1</real>
                            </map>
                        </array>
                    <key>volume</key>
                        <map>
                        <key>path</key>
                            <map>
                            <key>begin</key>
                                <real>0</real>
                            <key>curve</key>
                                <integer>16</integer>
                            <key>end</key>
                                <real>1</real>
                            <key>radius_offset</key>
                                <real>0</real>
                            <key>revolutions</key>
                                <real>1</real>
                            <key>scale_x</key>
                                <real>1</real>
                            <key>scale_y</key>
                                <real>1</real>
                            <key>shear_x</key>
                                <real>0</real>
                            <key>shear_y</key>
                                <real>0</real>
                            <key>skew</key>
                                <real>0</real>
                            <key>taper_x</key>
                                <real>0</real>
                            <key>taper_y</key>
                                <real>0</real>
                            <key>twist</key>
                                <real>0</real>
                            <key>twist_begin</key>
                                <real>0</real>
                            </map>
                        <key>profile</key>
                            <map>
                            <key>begin</key>
                                <real>0</real>
                            <key>curve</key>
                                <integer>1</integer>
                            <key>end</key>
                                <real>1</real>
                            <key>hollow</key>
                                <real>0</real>
                            </map>
                        </map>
                    </map>
                <key>1868845845</key>
                    <map>
                    <key>parent</key>
                        <string>1868845844</string>
                    <key>phantom</key>
                        <integer>0</integer>
                    <key>physical</key>
                        <integer>0</integer>
                    <key>position</key>
                        <array>
                            <real>-0.059509269893169403</real>
                            <real>0.024017330259084702</real>
                            <real>-0.5254058837890625</real>
                        </array>
                    <key>rotation</key>
                        <array>
                            <real>0</real>
                            <real>0</real>
                            <real>0</real>
                            <real>1</real>
                        </array>
                    <key>scale</key>
                        <array>
                            <real>4.05206298828125</real>
                            <real>4</real>
                            <real>3.3667140007019043</real>
                        </array>
                    <key>sculpt</key>
                        <map>
                        <key>texture</key>
                            <uuid>ee1da7be-2979-437f-8eb5-32a4e4ab60f0</uuid>
                        <key>type</key>
                            <integer>0</integer>
                        </map>
                    <key>shadows</key>
                        <integer>0</integer>
                    <key>textures</key>
                        <array>
                            <map>
                            <key>bump</key>
                                <integer>64</integer>
                            <key>colors</key>
                                <array>
                                    <real>0.75686275959014893</real>
                                    <real>0.69019609689712524</real>
                                    <real>0.64705884456634521</real>
                                    <real>1</real>
                                </array>
                            <key>fullbright</key>
                                <integer>0</integer>
                            <key>glow</key>
                                <real>0</real>
                            <key>imageid</key>
                                <uuid>b40457b2-462c-4d90-8a25-c21496fca870</uuid>
                            <key>imagerot</key>
                                <real>0</real>
                            <key>media_flags</key>
                                <integer>0</integer>
                            <key>offsets</key>
                                <real>0.5000152587890625</real>
                            <key>offsett</key>
                                <real>0.5000152587890625</real>
                            <key>scales</key>
                                <real>256</real>
                            <key>scalet</key>
                                <real>4</real>
                            </map>
                        </array>
                    <key>volume</key>
                        <map>
                        <key>path</key>
                            <map>
                            <key>begin</key>
                                <real>0</real>
                            <key>curve</key>
                                <integer>32</integer>
                            <key>end</key>
                                <real>1</real>
                            <key>radius_offset</key>
                                <real>0</real>
                            <key>revolutions</key>
                                <real>1</real>
                            <key>scale_x</key>
                                <real>1</real>
                            <key>scale_y</key>
                                <real>0.5</real>
                            <key>shear_x</key>
                                <real>0</real>
                            <key>shear_y</key>
                                <real>0</real>
                            <key>skew</key>
                                <real>0</real>
                            <key>taper_x</key>
                                <real>0</real>
                            <key>taper_y</key>
                                <real>0</real>
                            <key>twist</key>
                                <real>0</real>
                            <key>twist_begin</key>
                                <real>0</real>
                            </map>
                        <key>profile</key>
                            <map>
                            <key>begin</key>
                                <real>0</real>
                            <key>curve</key>
                                <integer>0</integer>
                            <key>end</key>
                                <real>1</real>
                            <key>hollow</key>
                                <real>0</real>
                            </map>
                        </map>
                    </map>
                <key>1868845846</key>
                    <map>
                    <key>parent</key>
                        <string>1868845844</string>
                    <key>phantom</key>
                        <integer>0</integer>
                    <key>physical</key>
                        <integer>0</integer>
                    <key>position</key>
                        <array>
                            <real>0.041595458984375</real>
                            <real>0.011779789812862873</real>
                            <real>-0.51080322265625</real>
                        </array>
                    <key>rotation</key>
                        <array>
                            <real>0</real>
                            <real>0</real>
                            <real>0</real>
                            <real>1</real>
                        </array>
                    <key>scale</key>
                        <array>
                            <real>4.2142338752746582</real>
                            <real>4.332402229309082</real>
                            <real>3.7226529121398926</real>
                        </array>
                    <key>sculpt</key>
                        <map>
                        <key>texture</key>
                            <uuid>948e4a8e-566e-4fa9-badd-08131fdf96fe</uuid>
                        <key>type</key>
                            <integer>0</integer>
                        </map>
                    <key>shadows</key>
                        <integer>0</integer>
                    <key>textures</key>
                        <array>
                            <map>
                            <key>bump</key>
                                <integer>64</integer>
                            <key>colors</key>
                                <array>
                                    <real>0.43921568989753723</real>
                                    <real>0.43921568989753723</real>
                                    <real>0.43921568989753723</real>
                                    <real>1</real>
                                </array>
                            <key>fullbright</key>
                                <integer>0</integer>
                            <key>glow</key>
                                <real>0</real>
                            <key>imageid</key>
                                <uuid>b40457b2-462c-4d90-8a25-c21496fca870</uuid>
                            <key>imagerot</key>
                                <real>0</real>
                            <key>media_flags</key>
                                <integer>0</integer>
                            <key>offsets</key>
                                <real>0.5000152587890625</real>
                            <key>offsett</key>
                                <real>0.5000152587890625</real>
                            <key>scales</key>
                                <real>256</real>
                            <key>scalet</key>
                                <real>4</real>
                            </map>
                        </array>
                    <key>volume</key>
                        <map>
                        <key>path</key>
                            <map>
                            <key>begin</key>
                                <real>0</real>
                            <key>curve</key>
                                <integer>32</integer>
                            <key>end</key>
                                <real>1</real>
                            <key>radius_offset</key>
                                <real>0</real>
                            <key>revolutions</key>
                                <real>1</real>
                            <key>scale_x</key>
                                <real>1</real>
                            <key>scale_y</key>
                                <real>0.5</real>
                            <key>shear_x</key>
                                <real>0</real>
                            <key>shear_y</key>
                                <real>0</real>
                            <key>skew</key>
                                <real>0</real>
                            <key>taper_x</key>
                                <real>0</real>
                            <key>taper_y</key>
                                <real>0</real>
                            <key>twist</key>
                                <real>0</real>
                            <key>twist_begin</key>
                                <real>0</real>
                            </map>
                        <key>profile</key>
                            <map>
                            <key>begin</key>
                                <real>0</real>
                            <key>curve</key>
                                <integer>0</integer>
                            <key>end</key>
                                <real>1</real>
                            <key>hollow</key>
                                <real>0</real>
                            </map>
                        </map>
                    </map>
                </map>
            <key>root_position</key>
                <array>
                    <real>187.96640014648437</real>
                    <real>231.43330383300781</real>
                    <real>22.917139053344727</real>
                </array>
            <key>root_rotation</key>
                <array>
                    <real>-0.70441603660583496</real>
                    <real>-0.061628416180610657</real>
                    <real>0.061628416180610657</real>
                    <real>0.70441603660583496</real>
                </array>
            </map>
        </array>
    </map>
</llsd>
